/*
 Navicat Premium Data Transfer

 Source Server         : dy-mysql
 Source Server Type    : MySQL
 Source Server Version : 80012
 Source Host           : 47.105.141.21:3306
 Source Schema         : dy

 Target Server Type    : MySQL
 Target Server Version : 80012
 File Encoding         : 65001

 Date: 15/10/2018 13:11:32
*/

SET NAMES utf8mb4;
SET FOREIGN_KEY_CHECKS = 0;

-- ----------------------------
-- Table structure for t_answer
-- ----------------------------
DROP TABLE IF EXISTS `t_answer`;
CREATE TABLE `t_answer`  (
  `t_id` int(11) NOT NULL AUTO_INCREMENT,
  `t_question_id` int(11) NULL DEFAULT NULL,
  `t_user_id` int(11) NULL DEFAULT NULL,
  `t_isimg` tinyint(1) NULL DEFAULT NULL,
  `t_time` bigint(20) NULL DEFAULT NULL,
  `t_content` text CHARACTER SET utf8 COLLATE utf8_general_ci NULL,
  PRIMARY KEY (`t_id`) USING BTREE
) ENGINE = InnoDB AUTO_INCREMENT = 79 CHARACTER SET = utf8 COLLATE = utf8_general_ci ROW_FORMAT = Dynamic;

-- ----------------------------
-- Records of t_answer
-- ----------------------------
INSERT INTO `t_answer` VALUES (70, 329, 0, 0, 1539268217543, '测试');
INSERT INTO `t_answer` VALUES (71, 329, 14, 0, 1539268232621, 'ok');
INSERT INTO `t_answer` VALUES (72, 329, 14, 1, 1539268244090, '1c5d9c32-7911-4815-81ee-724a93c3d6ed.jpg');
INSERT INTO `t_answer` VALUES (73, 329, 14, 0, 1539268266707, '1');
INSERT INTO `t_answer` VALUES (74, 326, 0, 0, 1539507022433, '原则上是不建议在剖宫产的同时行肌瘤剥除术的，一是很容易引起大出血，二是术后发生感染的风险增加。');
INSERT INTO `t_answer` VALUES (75, 331, 0, 0, 1539507135636, '原则上是不建议在剖宫产的同时行肌瘤剥除术的，一是很容易引起大出血，二是术后发生感染的风险增加。');
INSERT INTO `t_answer` VALUES (77, 331, 18, 0, 1539507232652, '谢谢！');
INSERT INTO `t_answer` VALUES (78, 331, 0, 0, 1539507265644, '一般情况下，妊娠合并子宫肌瘤不是剖宫产的指证，千万不要为了想切除子宫肌瘤而去做剖宫产！');
INSERT INTO `t_answer` VALUES (79, 333, 0, 0, 1539568983480, '有过剖宫产史的女性再次怀孕后并非都要进行再次剖宫产，能否尝试阴道分娩需要具体的咨询产科医生。例如上一次剖宫产手术在子宫上的切口是位于子宫下段的横切口，术中缝合得当，术后恢复好就可以。');
INSERT INTO `t_answer` VALUES (80, 332, 0, 0, 1539568998277, '您好，做试管婴儿前期的相关检查您需要来院一次（最好非经期），取报告需要来院一次，然后是试管婴儿进周期办相关签字手续及定方案来院一次，均为半天，所以您不需要辞职。进试管婴儿周期开始促排卵后会有10天左右来院次数相对频繁，医生可以给您开假条，怀孕后正常生活，适度休息，不需要在家卧床，所以不建议辞职。');
INSERT INTO `t_answer` VALUES (81, 336, 0, 0, 1539569308308, '可以的，经期不影响接种HPV疫苗 。');
INSERT INTO `t_answer` VALUES (82, 334, 0, 0, 1539569322027, '二价和四价疫苗上市已经超过十年，目前研究数据显示，接种人群的抗体水平依然维持在高水平。九价疫苗是在2014年上市的。在对于9-15岁及16-26岁人群的研究显示，血清抗体在疫苗接种后第5年依然维持阳性。');
INSERT INTO `t_answer` VALUES (83, 335, 0, 0, 1539569347051, '目前没有证据显示植入硅胶假体会对母乳喂养的孩子造成不良影响，因为硅胶是惰性的，本身的毒性就比较小，我们很多的家庭日用品（厨具，奶瓶，奶嘴等）和医用材料都是硅胶做的，所以有隆胸植入硅胶假体的母亲是可以母乳喂养的。');
INSERT INTO `t_answer` VALUES (84, 340, 0, 0, 1539573396105, '要怀疑肌瘤变性或者是带蒂肌瘤的扭转。一般会发生在妊娠中期，，有时候会伴发白细胞升高，发热，甚至恶心和呕吐。\n对于肌瘤变性引起的疼痛，建议采用一般的支持疗法，可以使用醋氨酚，又称扑热息痛治疗，如果效果不佳，可以使用非甾体类抗炎药物进行治疗。');
INSERT INTO `t_answer` VALUES (85, 339, 0, 0, 1539573415418, '您好，请您提前安排冷冻精子。');
INSERT INTO `t_answer` VALUES (86, 338, 0, 0, 1539573428738, '不知道是否有可能怀孕？如果排除怀孕的可能，偶尔一次月经异常，通常不会有什么问题。还请您劳逸结合，避免过度劳累。');
INSERT INTO `t_answer` VALUES (87, 337, 0, 0, 1539573441894, '45岁以上的女性再注射HPV疫苗的价值不大，不过超龄的女性朋友们依然不可以对自身健康掉以轻心，需要定期做宫颈癌检查，以检查是否感染了HPV病毒。');
INSERT INTO `t_answer` VALUES (88, 342, 0, 0, 1539573887168, '如果患有轻度霉菌性阴道炎，一般对孩子无妨，但是如果是比较严重的阴道炎，则建议先治疗后再看，在医生的风险评估下，看是进行剖腹产还是顺产。');
INSERT INTO `t_answer` VALUES (89, 341, 0, 0, 1539573897644, '月经期是相对雌激素比较低的时期，有可能会影响情绪。');
INSERT INTO `t_answer` VALUES (90, 343, 0, 0, 1539573959566, '患有子宫肌瘤的患者怀孕以后发生自然流产的风险略有增加，主要是少数粘膜下子宫肌瘤可能会影响受精卵的着床和植入，导致流产的发生。在机制不明确和流产发生率是否增加依然有不同看法的前提下，没有必要“保胎”，也无法“保胎”，更没有必要卧床休息。');
INSERT INTO `t_answer` VALUES (91, 344, 0, 0, 1539576907511, '如果经过专业的妇科肿瘤医师周密评估，为患者选择做腹腔镜手术的话，肯定是能够切干净的。特别是对于病变局限在子宫内、没有扩散到外面的，腹腔镜手术的范围、效果，和开腹手术没有差异。其次，在腹腔镜下面，医生可以更清楚地看到解剖结构，有些在开腹时做不到的区域，在腹腔镜下反而做得更好。');
INSERT INTO `t_answer` VALUES (92, 345, 0, 0, 1539576922371, '男方至少需要来3次，第1次做试管婴儿前体检，第2次签署知情同意书和授权委托书，第3次取卵当天上午必须到场。');
INSERT INTO `t_answer` VALUES (93, 346, 0, 0, 1539577190972, '主要的是要做阴道检查和超声检查来明确出血的部位、原因和程度。');
INSERT INTO `t_answer` VALUES (94, 347, 0, 0, 1539578989676, '您好，在进行试管婴儿治疗中，取卵后，由于之前促排卵药物、HCG扳机及黄体支持的应用，此时卵巢体积较正常显著增大，另外取卵进行了盆腔操作，为了避免卵巢扭转、破裂及盆腔感染的风险，建议您恢复第一次月经后再同房；冻胚移植周期，同样为了避免盆腔感染的风险，建议当月不同房。');

-- ----------------------------
-- Table structure for t_article
-- ----------------------------
DROP TABLE IF EXISTS `t_article`;
CREATE TABLE `t_article`  (
  `t_id` int(11) NOT NULL AUTO_INCREMENT,
  `t_type_id` int(11) NULL DEFAULT NULL,
  `t_title` varchar(255) CHARACTER SET utf8 COLLATE utf8_general_ci NULL DEFAULT NULL,
  `t_author` varchar(255) CHARACTER SET utf8 COLLATE utf8_general_ci NULL DEFAULT NULL,
  `t_time` bigint(20) NULL DEFAULT NULL,
  `t_cover` varchar(255) CHARACTER SET utf8 COLLATE utf8_general_ci NULL DEFAULT NULL,
  `t_content` text CHARACTER SET utf8 COLLATE utf8_general_ci NULL,
  `t_url` varchar(255) CHARACTER SET utf8 COLLATE utf8_general_ci NULL DEFAULT NULL,
  `t_mode` int(11) NULL DEFAULT NULL,
  `t_scan` int(11) NULL DEFAULT NULL,
  `t_sort` int(11) NULL DEFAULT NULL,
  `t_top` int(11) NULL DEFAULT NULL,
  `t_scan_origin` int(11) NULL DEFAULT NULL,
  `t_search` int(11) NULL DEFAULT NULL,
  PRIMARY KEY (`t_id`) USING BTREE
) ENGINE = InnoDB AUTO_INCREMENT = 335 CHARACTER SET = utf8 COLLATE = utf8_general_ci ROW_FORMAT = Dynamic;

-- ----------------------------
-- Records of t_article
-- ----------------------------
INSERT INTO `t_article` VALUES (13, 1, '妊娠异位图解', NULL, 1539246068380, '6acdceef-e33b-42e6-89b5-ed8751fd1edb.jpg', '', 'https://mp.weixin.qq.com/s?__biz=MzI3ODQ4MzIwNg==&mid=2247483716&idx=1&sn=2f7b764d5f8d7cf101c1451fecb2ea8a&chksm=eb57192ddc20903b5d83975cf2fe7012448f70e829ccda8c40c638b8bfef4ba528c4bb7115a9&token=2023474704&lang=zh_CN#rd', 0, 0, 0, 0, 0, 0);
INSERT INTO `t_article` VALUES (14, 1, '子宫肌瘤图解', NULL, 1539246569391, 'b914cbaf-e2a4-4aae-8fad-756ff6150d25.jpg', '', 'https://mp.weixin.qq.com/s?__biz=MzI3ODQ4MzIwNg==&mid=2247483700&idx=1&sn=cca0ecb4a6d026239a752ee44316ad0b&chksm=eb57195ddc20904bd48cf1639da6ef9248e2dfa18e12caa3310879133d3b901db7e7aa0aad34&token=2023474704&lang=zh_CN#rd', 0, 0, 0, 0, 0, 1);
INSERT INTO `t_article` VALUES (15, 1, '盆底肌锻炼——凯格尔运动', NULL, 1539246635789, '2805dedc-11fd-42c5-bdfa-920c64874e95.jpg', '', 'https://mp.weixin.qq.com/s?__biz=MzI3ODQ4MzIwNg==&mid=2247483687&idx=1&sn=86f68ea7433285273ba42328c07f64af&chksm=eb57194edc2090580176db7b6d87faa02c4b5ac05ff34ea0842a8d5198201c09b315bf4e778a&token=2023474704&lang=zh_CN#rd', 0, 0, 0, 0, 0, 0);
INSERT INTO `t_article` VALUES (16, 1, '女性不孕原因解密', NULL, 1539246691553, 'd2456937-731d-4585-96b2-e3d1dd16e2e6.jpg', '', 'https://mp.weixin.qq.com/s?__biz=MzI3ODQ4MzIwNg==&mid=2247483725&idx=1&sn=6382e4082df8f3d227571e850f966f99&chksm=eb571924dc2090324eb2ece62f54571b01410afec73cafad7ffe10570d6ac63abc8a236a5325&token=2023474704&lang=zh_CN#rd', 0, 0, 0, 0, 0, 0);
INSERT INTO `t_article` VALUES (17, 1, '月经的秘密', NULL, 1539246753791, '587824db-143d-4ba7-806f-bbe08cc9054d.jpg', '', 'https://mp.weixin.qq.com/s?__biz=MzI3ODQ4MzIwNg==&mid=2247483732&idx=1&sn=adbb461d0aa3ec62e20bc0bd21bf179e&chksm=eb57193ddc20902b7e2b114e0ee1e7fcb6f6b42070df63972e85b1f1f1f846b206d8324aa46a&token=2023474704&lang=zh_CN#rd', 0, 0, 0, 0, 0, 0);
INSERT INTO `t_article` VALUES (18, 1, '白带的超能力！', NULL, 1539246905847, '86401517-5818-492e-9443-88978c8b9b19.jpg', '', 'https://mp.weixin.qq.com/s?__biz=MzI3ODQ4MzIwNg==&mid=2247483743&idx=1&sn=9929d32c88dc9cfa64b2878e960b1c48&chksm=eb571936dc2090209b361a56f0c33ebd4f1cb249a27f0c181396cc0a600426da06f027ed0602&token=2023474704&lang=zh_CN#rd', 0, 0, 0, 0, 0, 0);
INSERT INTO `t_article` VALUES (19, 1, '子宫内膜异位症', NULL, 1539246932856, '89441086-1ee5-4746-b4ca-3a733a6efff2.jpg', '', 'https://mp.weixin.qq.com/s?__biz=MzI3ODQ4MzIwNg==&mid=2247483749&idx=1&sn=df1249ecd5954bfdbe708ff3d9a6c2f1&chksm=eb57190cdc20901adeebb170a51160358539e62541938dc62b602492dacacf27dfd1daad97be&token=2023474704&lang=zh_CN#rd', 0, 0, 0, 0, 0, 0);
INSERT INTO `t_article` VALUES (20, 1, '妊娠高血压诊断标准', NULL, 1539246956592, '52a26df7-b1a9-4864-96a2-bc5bd81c68e7.jpg', '', 'https://mp.weixin.qq.com/s?__biz=MzI3ODQ4MzIwNg==&mid=2247483757&idx=1&sn=b32ed4efeeb1228ec115a9101ddcc08d&chksm=eb571904dc2090126b3132dc5d3e5581ef29831e87e4afe9aa17105aa3da1a750d72b67934c5&token=2023474704&lang=zh_CN#rd', 0, 0, 0, 0, 0, 1);
INSERT INTO `t_article` VALUES (21, 1, '妊娠高血压（2）子痫前期', NULL, 1539247037181, 'c8549de0-92d3-42da-a602-7d8195a24040.jpg', '', 'https://mp.weixin.qq.com/s?__biz=MzI3ODQ4MzIwNg==&mid=2247483765&idx=1&sn=bd6e11235c581c02144e76b1ee8aa7a7&chksm=eb57191cdc20900ad1968c657339c75df8466b4c9b53d43071f38724b6cc3c1ffa82816223a0&token=2023474704&lang=zh_CN#rd', 0, 0, 0, 0, 0, 1);
INSERT INTO `t_article` VALUES (22, 2, '小儿肺炎（家长必须知道的事）', NULL, 1539247149674, '561948f7-d281-4f6a-b7d1-e6ee4dbf7b68.jpg', '', 'https://mp.weixin.qq.com/s?__biz=MzI3ODQ4MzIwNg==&mid=2247483761&idx=1&sn=b66b2ee8d31c4de13ae5985ce506b6d2&chksm=eb571918dc20900e12604e0f2dad625a5262c16cbec8f5a0d9580bdafc9bd5edc4e223df33d9&token=2023474704&lang=zh_CN#rd', 0, 0, 0, 0, 0, 0);
INSERT INTO `t_article` VALUES (23, 1, '产后乳房按摩！', NULL, 1539247202815, '94420bec-0fe4-4ac8-b635-ec77200885f1.jpg', '', 'https://mp.weixin.qq.com/s?__biz=MzI3ODQ4MzIwNg==&mid=2247483769&idx=1&sn=e6f43b17cd49560dd640178be421c3fb&chksm=eb571910dc20900628163da18b1b22b73918cecab141c360d01d88051413c48994ffb6047f6f&token=2023474704&lang=zh_CN#rd', 0, 0, 0, 0, 0, 0);
INSERT INTO `t_article` VALUES (24, 1, '盆腔痛', NULL, 1539247240699, '126eb760-e8c8-49ff-9444-65c31302b768.jpg', '', 'https://mp.weixin.qq.com/s?__biz=MzI3ODQ4MzIwNg==&mid=2247483773&idx=1&sn=2c0e289de8b0714c1dbecf602bae3711&chksm=eb571914dc2090026b24071924d066f68db1f01b12e2e4273484f566182765cf7f7bd7d03b0d&token=2023474704&lang=zh_CN#rd', 0, 0, 0, 0, 0, 1);
INSERT INTO `t_article` VALUES (25, 1, '输卵管堵塞治疗方法', NULL, 1539247276988, 'd2337ebb-f850-4d5d-8174-0aed52a2e041.jpg', '', 'https://mp.weixin.qq.com/s?__biz=MzI3ODQ4MzIwNg==&mid=2247483784&idx=1&sn=c61e91e9e059712b8296e020c7281fb9&chksm=eb5719e1dc2090f79e50e3e894aea912d4640924463d37e465184bae2375c8a923969b9068f7&token=2023474704&lang=zh_CN#rd', 0, 0, 0, 0, 0, 0);
INSERT INTO `t_article` VALUES (26, 1, '痛经', NULL, 1539247315657, 'c96a560b-18e8-4ff1-b855-ea2d13f85397.jpg', '', 'https://mp.weixin.qq.com/s?__biz=MzI3ODQ4MzIwNg==&mid=2247483793&idx=1&sn=73ed771bbc927a480d7d2e687bc7ceaa&chksm=eb5719f8dc2090ee60b8cb912867964cd956d66c26c6486e9afd98b6619f0749ceb5220bbbde&token=2023474704&lang=zh_CN#rd', 0, 0, 0, 0, 0, 1);
INSERT INTO `t_article` VALUES (27, 1, '孕期胎儿图解，孕检宝典', NULL, 1539247349603, '7efc97ed-bf79-4956-ba6f-9fae98479ef5.jpg', '', 'https://mp.weixin.qq.com/s?__biz=MzI3ODQ4MzIwNg==&mid=2247483803&idx=1&sn=ec5eaa4f2f4c9e965a8d412e7b7de7c7&chksm=eb5719f2dc2090e421afc29fb388e180c125d2961246232824201ef5537e94c7464a8037cc46&token=2023474704&lang=zh_CN#rd', 0, 0, 0, 0, 0, 0);
INSERT INTO `t_article` VALUES (28, 1, '宫颈癌', NULL, 1539247391406, '5bfdd6bc-4594-4d42-810d-40f2ca8aec30.jpg', '', 'https://mp.weixin.qq.com/s?__biz=MzI3ODQ4MzIwNg==&mid=2247483807&idx=1&sn=edcf2d703f2112d09b45043cf1f050c8&chksm=eb5719f6dc2090e077d47b7375be81118762798bdde322ed3ff6b17a3106e6bfa2f9b6163d46&token=2023474704&lang=zh_CN#rd', 0, 0, 0, 0, 0, 0);
INSERT INTO `t_article` VALUES (29, 1, '剖宫产指征', NULL, 1539247415133, 'ea6c8523-de73-4d4d-8c67-30ea6ecc8d63.jpg', '', 'https://mp.weixin.qq.com/s?__biz=MzI3ODQ4MzIwNg==&mid=2247483824&idx=1&sn=6f50acb137e6b30bab0e00eb06fe08ba&chksm=eb5719d9dc2090cf4c3bb74a7074e0d42974295d2374fbbb6475b55e5883d4821b70f8ef8f2f&token=2023474704&lang=zh_CN#rd', 0, 0, 0, 0, 0, 0);
INSERT INTO `t_article` VALUES (30, 1, '巧克力囊肿', NULL, 1539247466902, 'fa16ca13-f944-4417-9b7d-379f7ea51d8a.jpg', '', 'https://mp.weixin.qq.com/s?__biz=MzI3ODQ4MzIwNg==&mid=2247483831&idx=1&sn=2de8aa30ab2a9c4d55386c0e5af866ca&chksm=eb5719dedc2090c8540feeb69d54b61c62924f2077b2c288f520930226976bc22f785ea477fb&token=2023474704&lang=zh_CN#rd', 0, 0, 0, 0, 0, 0);
INSERT INTO `t_article` VALUES (31, 1, '试管婴儿是这样做的', NULL, 1539247493726, '2805e1b5-55b4-45fa-ade3-ed5196d7c004.jpg', '', 'https://mp.weixin.qq.com/s?__biz=MzI3ODQ4MzIwNg==&mid=2247483847&idx=1&sn=d8659aa966135d3ca2084708d91207a9&chksm=eb5719aedc2090b89454f6f18a5cdab2d0c896748bba5d1f4ca780e5dc78e0af8f366ee41536&token=2023474704&lang=zh_CN#rd', 0, 0, 0, 0, 0, 1);
INSERT INTO `t_article` VALUES (32, 1, '女性盆骨等图解', NULL, 1539247549947, '5849d5e9-2fa3-4fc1-97ab-bb4c97d762f7.jpg', '', 'https://mp.weixin.qq.com/s?__biz=MzI3ODQ4MzIwNg==&mid=2247483861&idx=1&sn=000133f56ea7df5cee653e1ecf92bfd6&chksm=eb5719bcdc2090aa0eb7fa4d44d7ba15e735daae2273404c5e9718c501e4c8b9d4d1771f0c5e&token=2023474704&lang=zh_CN#rd', 0, 0, 0, 0, 0, 0);
INSERT INTO `t_article` VALUES (33, 1, 'RH阴性熊猫血孕妇', NULL, 1539247594176, '1a4f9439-daba-4e13-833c-687b32ba53dc.jpg', '', 'https://mp.weixin.qq.com/s?__biz=MzI3ODQ4MzIwNg==&mid=2247483865&idx=1&sn=fd1174fa38083ba253f753afa05ac514&chksm=eb5719b0dc2090a62a2191f281ef6982ed7eadb40b40efd1c8556c4ada74b29a298d95961f44&token=2023474704&lang=zh_CN#rd', 0, 0, 0, 0, 0, 0);
INSERT INTO `t_article` VALUES (34, 1, '米非司酮：妇科药物的中流砥柱（上篇）', NULL, 1539247651786, 'e3ec80f6-f18d-4b63-a046-5f2a3790d972.jpg', '', 'https://mp.weixin.qq.com/s?__biz=MzI3ODQ4MzIwNg==&mid=2247483872&idx=1&sn=e75eb80b21a750dbba8745d8572d4b30&chksm=eb571989dc20909f3184998a10ae1b74a4b551d9da943222ed328f4d9bb32a9dd784664f0f66&token=2023474704&lang=zh_CN#rd', 0, 0, 0, 0, 0, 0);
INSERT INTO `t_article` VALUES (35, 1, NULL, '米非司酮：妇科药物的中流砥柱（下篇）', 1539247682028, '6957e368-ba0e-49d4-b21a-c50d4bf6f1a5.jpg', '', 'https://mp.weixin.qq.com/s?__biz=MzI3ODQ4MzIwNg==&mid=2247483874&idx=1&sn=5829d15e0ef12859033b40853801454e&chksm=eb57198bdc20909de4636fdfec3c0bfab84503260d56d2ecdf0126a6b29105a373ddc418604b&token=2023474704&lang=zh_CN#rd', 0, 0, 0, 0, 0, 0);
INSERT INTO `t_article` VALUES (36, 1, '一图读懂盆腔炎', NULL, 1539247701936, '3573a64f-b86a-45bd-bbfe-4a2125fb8e1f.jpg', '', 'https://mp.weixin.qq.com/s?__biz=MzI3ODQ4MzIwNg==&mid=2247483883&idx=1&sn=e2045a36977d3f271d6e1b033f711dc6&chksm=eb571982dc209094d3f75f2fb2b107736571f7333d7e1c7fa928aa70f7598463cbd24eafd739&token=2023474704&lang=zh_CN#rd', 0, 0, 0, 0, 0, 0);
INSERT INTO `t_article` VALUES (37, 1, '人工流产', NULL, 1539247745135, '38704232-9ff3-4457-8ab6-44799dcfdeb5.jpg', '', 'https://mp.weixin.qq.com/s?__biz=MzI3ODQ4MzIwNg==&mid=2247483898&idx=1&sn=1e03cd545661dec09a6f91af49febe86&chksm=eb571993dc209085eecd07ff9cfaf5cd40beb734344cd39fbb3a646599cfe292f75584e306c2&token=2023474704&lang=zh_CN#rd', 0, 0, 0, 0, 0, 0);
INSERT INTO `t_article` VALUES (38, 1, '妊娠合并子宫肌瘤', NULL, 1539247761561, '04de80a7-759e-48e4-b27a-7095e0e0cd35.jpg', '', 'https://mp.weixin.qq.com/s?__biz=MzI3ODQ4MzIwNg==&mid=2247483903&idx=1&sn=dbeace11d75d687a9a973f7a1f421851&chksm=eb571996dc209080adb88d26e0573dc5364696d3da3429905b74f5c060a924a7bac712b95ba9&token=2023474704&lang=zh_CN#rd', 0, 3, 0, 0, 3, 1);
INSERT INTO `t_article` VALUES (39, 1, '怀孕几率解密', NULL, 1539247818514, 'b25a169f-dfa3-48e4-bada-186961aa47dd.jpg', '', 'https://mp.weixin.qq.com/s?__biz=MzI3ODQ4MzIwNg==&mid=2247483907&idx=1&sn=c46f099794052c9714a66c8363cb23ea&chksm=eb571a6adc20937c8436e00e56000da0322b5066d2f117923fdb37ad6cbf4e6cf8b44d697b35&token=2023474704&lang=zh_CN#rd', 0, 0, 0, 0, 0, 0);
INSERT INTO `t_article` VALUES (40, 1, '雌激素', NULL, 1539247835052, '5fa9f551-0501-4bab-81a5-d1921295d7fe.jpg', '', 'https://mp.weixin.qq.com/s?__biz=MzI3ODQ4MzIwNg==&mid=2247483921&idx=1&sn=e65d609da7a8910253a975266b59a985&chksm=eb571a78dc20936e43994962a19e25f99d16f552d94c5e27b0f2cc495999731a263bd59b3e2a&token=2023474704&lang=zh_CN#rd', 0, 0, 0, 0, 0, 0);
INSERT INTO `t_article` VALUES (41, 1, 'HPV与宫颈癌', NULL, 1539247865314, 'e400bf1e-5568-44cc-8a03-c17c67d1db05.jpg', '', 'https://mp.weixin.qq.com/s?__biz=MzI3ODQ4MzIwNg==&mid=2247483936&idx=1&sn=d3c2b4f01df4baff8c37a1e24fc6b03c&chksm=eb571a49dc20935f3f8f879472e0559a2a5a4d30d25c61e9ffed28e34b8d92929b0b615f724e&token=2023474704&lang=zh_CN#rd', 0, 0, 0, 0, 0, 0);
INSERT INTO `t_article` VALUES (42, 1, '宫颈糜烂', NULL, 1539247916231, '6d560534-4743-476f-9a23-fa05ebebcd79.jpg', '', 'https://mp.weixin.qq.com/s?__biz=MzI3ODQ4MzIwNg==&mid=2247483946&idx=1&sn=6bd3e93de6b42e8a817d071f8aa8319b&chksm=eb571a43dc2093555245cca81b239c9bb6d2d3449149de8d2a3313000ac74fe56fedab744e62&token=2023474704&lang=zh_CN#rd', 0, 0, 0, 0, 0, 0);
INSERT INTO `t_article` VALUES (43, 1, '孕期用药需谨慎', NULL, 1539247936901, '93c165db-874c-4948-a365-86099cb2e70d.jpg', '', 'https://mp.weixin.qq.com/s?__biz=MzI3ODQ4MzIwNg==&mid=2247483957&idx=1&sn=9e196f34f1298dc14adc4ebe2b6bb0c9&chksm=eb571a5cdc20934a92a3389bc5c7e4f8c2f558740655124da48b488749cf610e30a0aa0f16af&token=2023474704&lang=zh_CN#rd', 0, 0, 0, 0, 0, 0);
INSERT INTO `t_article` VALUES (44, 1, '口服避孕药', NULL, 1539247961815, '7b43e097-7926-4567-a58e-7c5ec499359a.jpg', '', 'https://mp.weixin.qq.com/s?__biz=MzI3ODQ4MzIwNg==&mid=2247483966&idx=1&sn=25dcdfbbef22c240315b198faf180480&chksm=eb571a57dc209341f487172bc76be2b3c25594742b5360150565e81f7df7261a232acf3550f3&token=2023474704&lang=zh_CN#rd', 0, 0, 0, 0, 0, 0);
INSERT INTO `t_article` VALUES (45, 1, '盆腔积液', NULL, 1539248166907, 'a4aa4f40-c061-4834-9260-7a558a58448a.jpg', '', 'https://mp.weixin.qq.com/s?__biz=MzI3ODQ4MzIwNg==&mid=2247483980&idx=1&sn=47822fa75015e8bae89afec596d2442c&chksm=eb571a25dc2093337e3a36c17ef777aadda376552edfaa9fbe9d95c4bf4edc49c814c16481dc&token=2023474704&lang=zh_CN#rd', 0, 0, 0, 0, 0, 0);
INSERT INTO `t_article` VALUES (46, 1, '卵巢功能评分表', NULL, 1539248191848, 'f996a316-d337-464a-80a3-559d7a0e0cdc.jpg', '', 'https://mp.weixin.qq.com/s?__biz=MzI3ODQ4MzIwNg==&mid=2247483993&idx=1&sn=d8b036cebf41353609e4f8479f5ef159&chksm=eb571a30dc2093266ad544719b8256ce3ccbf66058d7fe14253323b95da55eef8cfe307e3ecf&token=2023474704&lang=zh_CN#rd', 0, 0, 0, 0, 0, 0);
INSERT INTO `t_article` VALUES (47, 1, '羊水栓塞', NULL, 1539248215168, 'fe6368a4-0f50-470f-93ff-d08dd5584b72.jpg', '', 'https://mp.weixin.qq.com/s?__biz=MzI3ODQ4MzIwNg==&mid=2247484015&idx=1&sn=a6eeb516de9df23067467cd866ecae46&chksm=eb571a06dc2093101d347fb9daaa7925a5d0f678c036c9bb5a72249651233c0b6029c0a5d4d8&token=2023474704&lang=zh_CN#rd', 0, 0, 0, 0, 0, 0);
INSERT INTO `t_article` VALUES (48, 1, '葡萄胎', NULL, 1539248270970, 'f34d049a-d56e-4154-b41d-814df8320f32.jpg', '', 'https://mp.weixin.qq.com/s?__biz=MzI3ODQ4MzIwNg==&mid=2247484017&idx=1&sn=3c7633736d59d43d501a1928d129c344&chksm=eb571a18dc20930efd4451f9e89655093da8ce37862206bde6f168e0652a434141dee91b45bf&token=2023474704&lang=zh_CN#rd', 0, 0, 0, 0, 0, 0);
INSERT INTO `t_article` VALUES (49, 1, '节育环', NULL, 1539248294056, '0e159b0c-3ffc-4884-8a9e-d8716323f922.jpg', '', 'https://mp.weixin.qq.com/s?__biz=MzI3ODQ4MzIwNg==&mid=2247484019&idx=1&sn=548be6c08991bbad18a6241ea4881b7d&chksm=eb571a1adc20930cad7917c9d8a71c67d0325ebb6d5830454cc47cfbcf4b7db9a19ac8d02390&token=2023474704&lang=zh_CN#rd', 0, 0, 0, 0, 0, 0);
INSERT INTO `t_article` VALUES (50, 1, '胎盘前置', NULL, 1539248322333, '11494013-c570-4f11-85e4-41910b393ebc.jpg', '', 'https://mp.weixin.qq.com/s?__biz=MzI3ODQ4MzIwNg==&mid=2247484023&idx=1&sn=f78f5992ad53d43b88cecd26a255fc04&chksm=eb571a1edc209308d6a0db69dea7efb886481633a0459155dd4a1c3a2075660829ab89ccc46c&token=2023474704&lang=zh_CN#rd', 0, 0, 0, 0, 0, 0);
INSERT INTO `t_article` VALUES (51, 1, '妊娠合并心脏病', NULL, 1539248344263, '0b5bea0e-94da-4509-96b1-289d5a1dc401.jpg', '', 'https://mp.weixin.qq.com/s?__biz=MzI3ODQ4MzIwNg==&mid=2247484026&idx=1&sn=c3cb9936509cb2de0b3a037f5bad6a80&chksm=eb571a13dc20930592526088a194289c94704a3c7504f689002eceb6a4e506130bac536c673c&token=2023474704&lang=zh_CN#rd', 0, 0, 0, 0, 0, 0);
INSERT INTO `t_article` VALUES (52, 1, '叶酸', NULL, 1539248380857, '00366cb5-a8ed-4165-a9dc-3696dfb8fd51.jpg', '', 'https://mp.weixin.qq.com/s?__biz=MzI3ODQ4MzIwNg==&mid=2247484040&idx=1&sn=20d3c27aabea5013f639f349916087a8&chksm=eb571ae1dc2093f7985371a0ecd53fc19ad271f605174a513b0c8b57cf1e68158fd8d763fc77&token=2023474704&lang=zh_CN#rd', 0, 0, 0, 0, 0, 0);
INSERT INTO `t_article` VALUES (53, 1, '子宫肌瘤药物治疗', NULL, 1539248412482, 'bed65f31-ad51-424e-a88e-99445b75c9d8.jpg', '', 'https://mp.weixin.qq.com/s?__biz=MzI3ODQ4MzIwNg==&mid=2247484042&idx=1&sn=50968e1f377589c0d9da17b70ed64324&chksm=eb571ae3dc2093f517773df2a8c079a3a322132a03555995c95d291cd7c10b2ee26f9365c015&token=2023474704&lang=zh_CN#rd', 0, 1, 0, 0, 1, 1);
INSERT INTO `t_article` VALUES (54, 1, '月经失调', NULL, 1539248464033, '94bf6066-148c-478f-939e-b61603e3f100.jpg', '', 'https://mp.weixin.qq.com/s?__biz=MzI3ODQ4MzIwNg==&mid=2247484056&idx=1&sn=bcb67d70e3a87dc928ec2db8c7b78987&chksm=eb571af1dc2093e78a9bae9d6ab7c2cd390a62c9bea4d3704b092de4287d7961feb24c2543b2&token=2023474704&lang=zh_CN#rd', 0, 0, 0, 0, 0, 0);
INSERT INTO `t_article` VALUES (55, 1, '产后抑郁症', NULL, 1539248480359, 'e83ec950-ca3e-4873-855f-07d02964af07.jpg', '', 'https://mp.weixin.qq.com/s?__biz=MzI3ODQ4MzIwNg==&mid=2247484094&idx=1&sn=ce35ea08ee39c208ec440a753e4758bc&chksm=eb571ad7dc2093c10afac0f6c63286c9030d071bc406d2e80299edc2ea98863a5397a210a993&token=2023474704&lang=zh_CN#rd', 0, 0, 0, 0, 0, 0);
INSERT INTO `t_article` VALUES (56, 2, '儿童性早熟', NULL, 1539248559362, '6adf74ca-c98c-4280-8519-24f85eb9b487.jpg', '', 'https://mp.weixin.qq.com/s?__biz=MzI3ODQ4MzIwNg==&mid=2247484096&idx=1&sn=a5e108565b3298b5fa8e04cf9e14a8ed&chksm=eb571aa9dc2093bf6288648ff927340bf851da5ef0180fdc50bd3a946379e104455e047930b7&token=2023474704&lang=zh_CN#rd', 0, 0, 0, 0, 0, 0);
INSERT INTO `t_article` VALUES (57, 1, '阴道炎', NULL, 1539248604901, 'ee882ac7-a421-45b1-9313-2fd68591194d.jpg', '', 'https://mp.weixin.qq.com/s?__biz=MzI3ODQ4MzIwNg==&mid=2247484098&idx=1&sn=c147bbf0cf4c9f3927fe7d16221f23ed&chksm=eb571aabdc2093bdff0b99f9213f1172e31d763812e7399f4daca58f170573d69499a01dceee&token=2023474704&lang=zh_CN#rd', 0, 0, 0, 0, 0, 0);
INSERT INTO `t_article` VALUES (58, 1, '先兆流产', NULL, 1539248631953, '047a79bb-076a-4929-bb83-457a9118fa85.jpg', '', 'https://mp.weixin.qq.com/s?__biz=MzI3ODQ4MzIwNg==&mid=2247484100&idx=1&sn=5ceef37b1ec76ea88a208662c23ee151&chksm=eb571aaddc2093bb36c6ea8c1b98ea0e3d5860d391de6c3fc96ab45a86bc8488b6a23fd144a0&token=2023474704&lang=zh_CN#rd', 0, 0, 0, 0, 0, 0);
INSERT INTO `t_article` VALUES (59, 1, '羊水过多', NULL, 1539248650256, '21a005f8-447b-4604-a85e-af37f01f9952.jpg', '', 'https://mp.weixin.qq.com/s?__biz=MzI3ODQ4MzIwNg==&mid=2247484103&idx=1&sn=152f827ebb1b30de57dd006214b9543a&chksm=eb571aaedc2093b877c5c1728a1e4e513a70e8f93580186c7a754bc0d28b9c069721a74628af&token=2023474704&lang=zh_CN#rd', 0, 0, 0, 0, 0, 0);
INSERT INTO `t_article` VALUES (60, 1, '唐氏筛查', NULL, 1539248685562, '1ca625e1-2366-4d0d-a2cb-e7ac146f1fea.jpg', '', 'https://mp.weixin.qq.com/s?__biz=MzI3ODQ4MzIwNg==&mid=2247484120&idx=1&sn=c1e405bec733688abf773455cd9a099e&chksm=eb571ab1dc2093a75f7f612a2b097bf520b7bfb13aca3065b3877a812c90900a6f69a27be20c&token=2023474704&lang=zh_CN#rd', 0, 0, 0, 0, 0, 0);
INSERT INTO `t_article` VALUES (61, 1, '子宫肉瘤', NULL, 1539248744775, '5bfffb69-6823-497a-86da-738886240c47.jpg', '', 'https://mp.weixin.qq.com/s?__biz=MzI3ODQ4MzIwNg==&mid=2247484122&idx=1&sn=23b4c46c317c7035d9df6775cb84dc64&chksm=eb571ab3dc2093a5696a2e0afe6b7122ad34081d28223ffabd7dba7ee490808d3ab82b177d1d&token=2023474704&lang=zh_CN#rd', 0, 0, 0, 0, 0, 0);
INSERT INTO `t_article` VALUES (62, 2, '小儿肥胖', NULL, 1539248767656, '190527a3-6432-417e-a52c-8641ac0f2bd1.jpg', '', 'https://mp.weixin.qq.com/s?__biz=MzI3ODQ4MzIwNg==&mid=2247484129&idx=1&sn=465835f21f1b0da2d9f3c72ec4953a6e&chksm=eb571a88dc20939e4302150abac669cf50334dcde77e8b63e9c180931a770485ccc225b8b902&token=2023474704&lang=zh_CN#rd', 0, 0, 0, 0, 0, 0);
INSERT INTO `t_article` VALUES (63, 1, '异位妊娠', NULL, 1539248793182, '4fe11161-30a3-4fb7-8b92-d6d597cda692.jpg', '', 'https://mp.weixin.qq.com/s?__biz=MzI3ODQ4MzIwNg==&mid=2247484155&idx=1&sn=58357fb07b63ae257ea96e459c45bcc6&chksm=eb571a92dc2093848c22101910d9105cf66a40f45d1d52bcfe74c809b7e4dd80683ae9aa606e&token=2023474704&lang=zh_CN#rd', 0, 0, 0, 0, 0, 0);
INSERT INTO `t_article` VALUES (64, 2, '儿童打呼噜切莫忽视！', NULL, 1539248858960, 'c1c4d7de-5ebd-4cc6-88ff-cfe73f178916.jpg', '', 'https://mp.weixin.qq.com/s?__biz=MzI3ODQ4MzIwNg==&mid=2247484159&idx=1&sn=e2923bee99f06fb74b0304fd9f439cc5&chksm=eb571a96dc2093804b4be4a465fd326cdf683bfae28db45de75be1063ddef8658a07b516f3e6&token=2023474704&lang=zh_CN#rd', 0, 0, 0, 0, 0, 0);
INSERT INTO `t_article` VALUES (65, 1, '经期推迟', NULL, 1539248884739, '0d3a8ccc-4c28-4ef8-8ff5-04274a4e0bab.jpg', '', 'https://mp.weixin.qq.com/s?__biz=MzI3ODQ4MzIwNg==&mid=2247484171&idx=1&sn=bc689cb628751652e8dea343784ea1d0&chksm=eb571b62dc2092743e621687b83bcad72e53736fca83943669049971695dc960e6ad4178f49a&token=2023474704&lang=zh_CN#rd', 0, 0, 0, 0, 0, 0);
INSERT INTO `t_article` VALUES (66, 2, '如何给宝宝正确洗澡', NULL, 1539248906835, 'fb082c70-4322-4218-b62e-5e2f6630d47f.jpg', '', 'https://mp.weixin.qq.com/s?__biz=MzI3ODQ4MzIwNg==&mid=2247484175&idx=1&sn=82a9bb5a66c1c8410e15ecbee774c280&chksm=eb571b66dc2092709a4b52a433e6cef5760b55b7373f37fb72e7990b12aaef3fe2719a282e75&token=2023474704&lang=zh_CN#rd', 0, 0, 0, 0, 0, 0);
INSERT INTO `t_article` VALUES (67, 1, '多囊卵巢综合征（PCOS）', NULL, 1539248983713, '35681372-40b3-4d26-a3b6-a134df834390.jpg', '', 'https://mp.weixin.qq.com/s?__biz=MzI3ODQ4MzIwNg==&mid=2247484189&idx=1&sn=a351334219851dfcecb4ba606fd85045&chksm=eb571b74dc209262ef49b72677d98176b884232dcfa942426fe912a2c45f51eef06e8e9efcb5&token=2023474704&lang=zh_CN#rd', 0, 0, 0, 0, 0, 0);
INSERT INTO `t_article` VALUES (68, 1, '孕妇饮食', NULL, 1539249006790, 'eb84d48b-d516-4d7b-ae6c-4d6d1b75b23c.jpg', '', 'https://mp.weixin.qq.com/s?__biz=MzI3ODQ4MzIwNg==&mid=2247484195&idx=1&sn=adada35d4c63dc04a54486eb879686bb&chksm=eb571b4adc20925c2a789b6a4f000b0d122b380b4f022d3ce422805a7655d894a330aee3bc84&token=2023474704&lang=zh_CN#rd', 0, 0, 0, 0, 0, 0);
INSERT INTO `t_article` VALUES (69, 2, '<6个月婴幼儿喂养指南', NULL, 1539249092015, '59197af6-21c1-468b-9b40-f34d738187f1.jpg', '', 'https://mp.weixin.qq.com/s?__biz=MzI3ODQ4MzIwNg==&mid=2247484200&idx=1&sn=e3d74820bd05415ad0cd7d452795e704&chksm=eb571b41dc209257419a151e2439da05909bdd43a45d42cc3bfd74eaa4828c3e09e7603c5c4e&token=2023474704&lang=zh_CN#rd', 0, 0, 0, 0, 0, 0);
INSERT INTO `t_article` VALUES (70, 2, '6～8月婴幼儿喂养指南', NULL, 1539249164813, 'a4630a1e-2d3b-44c8-8e6a-ea16774c98b4.jpg', '', 'https://mp.weixin.qq.com/s?__biz=MzI3ODQ4MzIwNg==&mid=2247484210&idx=1&sn=43d8c0e06a5d6f5166efcac2e97f174e&chksm=eb571b5bdc20924db2a4d0fe00ae01feeede35f7d85c0f8caa9eb92fd416005cfc63ccea9a8b&token=2023474704&lang=zh_CN#rd', 0, 0, 0, 0, 0, 0);
INSERT INTO `t_article` VALUES (71, 1, '宫腔粘连', NULL, 1539249180532, 'e4cd4f39-43ff-4c1b-805a-b82eb22d7759.jpg', '', 'https://mp.weixin.qq.com/s?__biz=MzI3ODQ4MzIwNg==&mid=2247484228&idx=1&sn=ec0e7568c8d5ffb61bffa85deed61402&chksm=eb571b2ddc20923bd4d2b8e1749264e7c218929e934d97f85b8953593fd9a31da97b0226db48&token=2023474704&lang=zh_CN#rd', 0, 0, 0, 0, 0, 0);
INSERT INTO `t_article` VALUES (72, 1, '孕吐如何缓解？', NULL, 1539249205608, '16ad61f6-d87d-450b-bdcc-eab9afce635b.jpg', '', 'https://mp.weixin.qq.com/s?__biz=MzI3ODQ4MzIwNg==&mid=2247484239&idx=1&sn=726759764a72a5656d57e7979d15a3c5&chksm=eb571b26dc20923076b8e28c69885e79c4fb899b9c6c70cdf076480b4ae69fcf497991f8503b&token=2023474704&lang=zh_CN#rd', 0, 0, 0, 0, 0, 0);
INSERT INTO `t_article` VALUES (73, 1, '乳腺癌筛查宝典', NULL, 1539249267733, 'c90360d8-9b2a-4e60-8f9a-04081a1950f7.jpg', '', 'https://mp.weixin.qq.com/s?__biz=MzI3ODQ4MzIwNg==&mid=2247484244&idx=1&sn=15a5f680c1bdf30dd51fe59daca6a139&chksm=eb571b3ddc20922bcad1302f744b9f11c0780f044369dd974597219f5f0cffe9646d0b26341b&token=2023474704&lang=zh_CN#rd', 0, 0, 0, 0, 0, 0);
INSERT INTO `t_article` VALUES (74, 1, '高龄女性“二胎”怎么要？', NULL, 1539249287582, 'ca66f515-5f68-4101-9613-b811dbb81f2d.jpg', '', 'https://mp.weixin.qq.com/s?__biz=MzI3ODQ4MzIwNg==&mid=2247484252&idx=1&sn=452e0314a94bf5755a2001cb51ac86c6&chksm=eb571b35dc209223dd56d4a442ceca9b2ca6023faa04678f859295c1d059146c6056b782cd2d&token=2023474704&lang=zh_CN#rd', 0, 0, 0, 0, 0, 0);
INSERT INTO `t_article` VALUES (75, 1, '科学的“坐月子”（附带产褥期保健操）', NULL, 1539249328220, '947e8e47-6408-4832-8fe1-8ec00ac9f6c7.jpg', '', 'https://mp.weixin.qq.com/s?__biz=MzI3ODQ4MzIwNg==&mid=2247484271&idx=1&sn=2c30a95d84641ab5be4e9450938f8df3&chksm=eb571b06dc209210390c5c45d1b8342bd882cf8f60410022c9faaa99fa6539bc3661c0ab96cb&token=2023474704&lang=zh_CN#rd', 0, 0, 0, 0, 0, 0);
INSERT INTO `t_article` VALUES (76, 1, '阴道手术助产', NULL, 1539249385659, '5a8798e3-1209-4d30-b344-c9ba7dd502b7.jpg', '', 'https://mp.weixin.qq.com/s?__biz=MzI3ODQ4MzIwNg==&mid=2247484280&idx=1&sn=70dff50bb57fb48abde231bb59d5f2f0&chksm=eb571b11dc2092072556214701e8878bfabf3ce84724d21a306b47759a212bb9a212504527fa&token=2023474704&lang=zh_CN#rd', 0, 0, 0, 0, 0, 0);
INSERT INTO `t_article` VALUES (77, 1, '正确面对更年期', NULL, 1539249406272, '59cee644-3008-45f1-9cd3-55b553b36bf8.jpg', '', 'https://mp.weixin.qq.com/s?__biz=MzI3ODQ4MzIwNg==&mid=2247484290&idx=1&sn=1434a65654541c005d8fb11f637dbd2d&chksm=eb571bebdc2092fd590a2d2900ed254bc845ed4f539b5d7137053a4bf16e92140483956abd17&token=2023474704&lang=zh_CN#rd', 0, 0, 0, 0, 0, 0);
INSERT INTO `t_article` VALUES (78, 1, '如何科学备孕', NULL, 1539249433906, '2812040e-e0d5-485d-b0cf-994489552e60.jpg', '', 'https://mp.weixin.qq.com/s?__biz=MzI3ODQ4MzIwNg==&mid=2247484298&idx=1&sn=13490f6f58d06441584480837bc220d6&chksm=eb571be3dc2092f5c61fc9f49468df66e7dc7f161baf77b113bf3ee33fe9ee29da7bed09224b&token=2023474704&lang=zh_CN#rd', 0, 0, 0, 0, 0, 0);
INSERT INTO `t_article` VALUES (79, 1, '妊娠合并阑尾炎', NULL, 1539249525653, 'f9ae21cc-99c1-4dc6-911f-8258f7acab3f.jpg', '', 'https://mp.weixin.qq.com/s?__biz=MzI3ODQ4MzIwNg==&mid=2247484304&idx=1&sn=6be045f05433e967bed1a04eef7c2253&chksm=eb571bf9dc2092efe2bd61e8b728630e519f9018bc7580ee252a4471c04db3f7aea6f16e2389&token=2023474704&lang=zh_CN#rd', 0, 0, 0, 0, 0, 0);
INSERT INTO `t_article` VALUES (80, 2, '学龄儿童怎样吃？', NULL, 1539249542770, 'cbb802a7-d4d1-4bc1-80e7-3bdf1434632a.jpg', '', 'https://mp.weixin.qq.com/s?__biz=MzI3ODQ4MzIwNg==&mid=2247484311&idx=1&sn=d1f91f777457fcfef3739bb2afbfe533&chksm=eb571bfedc2092e87e0a0df611eb23c21153eab403e5c073e3fbff21806731af4321885c49bc&token=2023474704&lang=zh_CN#rd', 0, 0, 0, 0, 0, 0);
INSERT INTO `t_article` VALUES (81, 2, '新生儿黄疸', NULL, 1539249571185, 'f575a582-f8ba-40ab-9c3c-441e590d0ea9.jpg', '', 'https://mp.weixin.qq.com/s?__biz=MzI3ODQ4MzIwNg==&mid=2247484318&idx=1&sn=875aa298df975cc9d9728c7261ce73eb&chksm=eb571bf7dc2092e10a6d8fe6311c6585d9610727f2bdc60abd4fe209438e94b2d46fbb038d30&token=2023474704&lang=zh_CN#rd', 0, 0, 0, 0, 0, 0);
INSERT INTO `t_article` VALUES (82, 1, '新手妈妈母乳喂养', NULL, 1539249661421, '3e9a286f-96a3-4798-905a-d6411bca6e8a.jpg', '', 'https://mp.weixin.qq.com/s?__biz=MzI3ODQ4MzIwNg==&mid=2247484326&idx=1&sn=b605b3f612614c29c857a6276ba879ca&chksm=eb571bcfdc2092d9b7b4fb1c952f48d42de300488c4871a516304bbc6e8110708035b2290973&token=2023474704&lang=zh_CN#rd', 0, 0, 0, 0, 0, 0);
INSERT INTO `t_article` VALUES (83, 1, '什么原因导致产后出血？', NULL, 1539249694112, '442be37c-3cbe-4cc9-a76f-0b9b3724b4cf.jpg', '', 'https://mp.weixin.qq.com/s?__biz=MzI3ODQ4MzIwNg==&mid=2247484341&idx=1&sn=aa9603c76cf7f4bd1bb5e4f7c6bc84ba&chksm=eb571bdcdc2092cae52b803ca5cc008df00a6e3823cf67d41cc546019639c58fb5e2e8ed8007&token=2023474704&lang=zh_CN#rd', 0, 0, 0, 0, 0, 0);
INSERT INTO `t_article` VALUES (84, 1, '产后出血如何处理？', NULL, 1539249716031, '820f239c-85b7-48e6-8d54-49fdb92e6d1e.jpg', '', 'https://mp.weixin.qq.com/s?__biz=MzI3ODQ4MzIwNg==&mid=2247484342&idx=1&sn=283b05010e2ec64816301f4482d0a152&chksm=eb571bdfdc2092c9546ce552c2f0234d5cd002a354698c83a863d2732dfdde59a16476032549&token=2023474704&lang=zh_CN#rd', 0, 0, 0, 0, 0, 0);
INSERT INTO `t_article` VALUES (85, 1, '备孕自检表', NULL, 1539249828638, '8445541a-a88b-4dd1-b4d5-f12d31b676ab.jpg', '', 'https://mp.weixin.qq.com/s?__biz=MzI3ODQ4MzIwNg==&mid=2247484350&idx=1&sn=0e875984942cb6d7c953b1d4ca3cf9ec&chksm=eb571bd7dc2092c1964efc37e252da3fa24fc368e99363b69b63f2e27ce455249de486e0cc7d&token=2023474704&lang=zh_CN#rd', 0, 0, 0, 0, 0, 0);
INSERT INTO `t_article` VALUES (86, 2, '儿童急性感染性腹泻病', NULL, 1539249840580, 'b430ef21-b8d1-4908-8e8f-e00ddc06420a.jpg', '', 'https://mp.weixin.qq.com/s?__biz=MzI3ODQ4MzIwNg==&mid=2247484370&idx=1&sn=201869c7d1ab9c5e98ad51d4cb9ca35b&chksm=eb571bbbdc2092adb71c0871e9a0b86bd5e8ffbb847917eb58b6ee9c28696f968634029719f5&token=2023474704&lang=zh_CN#rd', 0, 0, 0, 0, 0, 0);
INSERT INTO `t_article` VALUES (87, 1, '计划生育/避孕措施大盘点', NULL, 1539249967351, 'c7c4cd9f-9942-4a34-ba7a-7908facd8fef.jpg', '', 'https://mp.weixin.qq.com/s?__biz=MzI3ODQ4MzIwNg==&mid=2247484375&idx=1&sn=8f6da55854be6df72285f5e304e58b6f&chksm=eb571bbedc2092a87b26c669bd59a41ff92e6967812b3f6576c98ffb5dc9ae58b0f533280464&token=2023474704&lang=zh_CN#rd', 0, 0, 0, 0, 0, 0);
INSERT INTO `t_article` VALUES (88, 2, '儿童眼及视力保健', NULL, 1539250003948, '06b7164e-1e06-40b7-9bd8-c9676b0a2eae.jpg', '', 'https://mp.weixin.qq.com/s?__biz=MzI3ODQ4MzIwNg==&mid=2247484387&idx=1&sn=705c968eb45daca306fe1f4f5496cea7&chksm=eb571b8adc20929cb264cc899fa133317e03bdf91560a5ef823b6fc07f84234567c977360ea6&token=2023474704&lang=zh_CN#rd', 0, 0, 0, 0, 0, 0);
INSERT INTO `t_article` VALUES (89, 1, '宫颈癌的筛查和预防', NULL, 1539250071249, '8501e0ba-af6a-4f71-a864-3e6831112f6b.jpg', '', 'https://mp.weixin.qq.com/s?__biz=MzI3ODQ4MzIwNg==&mid=2247484395&idx=1&sn=ca280022550f309219e3ebfe4492bccd&chksm=eb571b82dc209294291ddb026b32edceb1482f8ec55b9b4476ff2eb9db28f91a6a99b769820d&token=2023474704&lang=zh_CN#rd', 0, 0, 0, 0, 0, 0);
INSERT INTO `t_article` VALUES (90, 1, '早产', NULL, 1539250094115, '5c16c199-62b5-4e96-8404-7e5094360d75.jpg', '', 'https://mp.weixin.qq.com/s?__biz=MzI3ODQ4MzIwNg==&mid=2247484403&idx=1&sn=b3cea75d84a6b550ce1157b7c7c880e8&chksm=eb571b9adc20928c60557cf134f66a97cac9fcd9c8c889cd748b8fb6038488f5f89a49ecf2fb&token=2023474704&lang=zh_CN#rd', 0, 0, 0, 0, 0, 0);
INSERT INTO `t_article` VALUES (91, 2, '百日咳', NULL, 1539250131421, '418f0511-48e2-4c6f-901e-0d5910d68288.jpg', '', 'https://mp.weixin.qq.com/s?__biz=MzI3ODQ4MzIwNg==&mid=2247484421&idx=1&sn=2afbb8d29a666c7f1c081d1a5ea8e1f2&chksm=eb571c6cdc20957ac863212ef45b43751c6573d6f641fd6f2207dfa3e6ad39edd697adc1e79a&token=2023474704&lang=zh_CN#rd', 0, 0, 0, 0, 0, 0);
INSERT INTO `t_article` VALUES (92, 2, '了解益生菌', NULL, 1539250210631, '968258d5-6411-42cb-a00c-feaa05be9b42.jpg', '', 'https://mp.weixin.qq.com/s?__biz=MzI3ODQ4MzIwNg==&mid=2247484410&idx=1&sn=fea7f549a579f26542c2f369640f4a5d&chksm=eb571b93dc209285472a9cd1344e5f63d08d6150a93af46b2561eb3028609656f98cd51fe35b&token=2023474704&lang=zh_CN#rd', 0, 0, 0, 0, 0, 0);
INSERT INTO `t_article` VALUES (93, 1, '怀孕期间甲状腺功能异常怎么办？', NULL, 1539250310909, '5b6502a5-e92d-4474-baad-dde7f6772196.jpg', '', 'https://mp.weixin.qq.com/s?__biz=MzI3ODQ4MzIwNg==&mid=2247484418&idx=1&sn=f6538c04692ec3442ee98764fbf033ae&chksm=eb571c6bdc20957d9bee8b2c505b1bf2fecb97da21a37405cbb4ed1f27e46fc76c3b3279889b&token=2023474704&lang=zh_CN#rd', 0, 0, 0, 0, 0, 0);
INSERT INTO `t_article` VALUES (94, 1, '乳腺癌患者的正确生活方式', NULL, 1539250329510, '0658eb73-df9f-4e83-a12c-0ba2661d2af2.jpg', '', 'https://mp.weixin.qq.com/s?__biz=MzI3ODQ4MzIwNg==&mid=2247484419&idx=1&sn=de342e080530ac55f0f30ae8b721565b&chksm=eb571c6adc20957c9f31377136a8d1bfaaa9b6239e8a7e7c40bd8e79cd4c1aa88e592ea20b76&token=2023474704&lang=zh_CN#rd', 0, 0, 0, 0, 0, 0);
INSERT INTO `t_article` VALUES (95, 1, '乳腺增生症', NULL, 1539250437154, 'b05843bf-7e33-4cda-aa55-38f3481eace1.jpg', '', 'https://mp.weixin.qq.com/s?__biz=MzI3ODQ4MzIwNg==&mid=2247484425&idx=1&sn=48af19b455d6e033a02f1d25bf023953&chksm=eb571c60dc209576d1e769153425ae13816313214ae259abcaf58625326e3e1c5b4070669257&token=2023474704&lang=zh_CN#rd', 0, 0, 0, 0, 0, 0);
INSERT INTO `t_article` VALUES (96, 1, '宫角妊娠', NULL, 1539250457278, 'c075c486-ef22-45ff-b02e-eb8b95f816eb.jpg', '', 'https://mp.weixin.qq.com/s?__biz=MzI3ODQ4MzIwNg==&mid=2247484436&idx=1&sn=da1ce965f831431dcb9aecae1a4efc86&chksm=eb571c7ddc20956bf1fdd4fd3ec45210a0da39133023d16c0c1c849dbe50f43f233edfd74952&token=2023474704&lang=zh_CN#rd', 0, 0, 0, 0, 0, 0);
INSERT INTO `t_article` VALUES (97, 1, '妊娠纹', NULL, 1539250482678, 'ea7587ec-bc9b-4c48-a16c-0d6655ed8ad1.jpg', '', 'https://mp.weixin.qq.com/s?__biz=MzI3ODQ4MzIwNg==&mid=2247484447&idx=1&sn=ac0d7e434f66200fe2cdcfc2305430e9&chksm=eb571c76dc209560a3860e1078b3d31e0e2402379b81b6a41b86e0711504d87705d9ffe3d892&token=2023474704&lang=zh_CN#rd', 0, 0, 0, 0, 0, 0);
INSERT INTO `t_article` VALUES (98, 1, '妊娠高血压', NULL, 1539250528536, 'c97483d6-c7e4-4e34-8add-e26d95e94258.jpg', '', 'https://mp.weixin.qq.com/s?__biz=MzI3ODQ4MzIwNg==&mid=2247484452&idx=1&sn=824b85838fb6e9aaa5358b39601afecc&chksm=eb571c4ddc20955beb04c7f1e7d377f3fd79d516deacd7c4e0621514d31585ff9a91cc1bcb74&token=2023474704&lang=zh_CN#rd', 0, 0, 0, 0, 0, 1);
INSERT INTO `t_article` VALUES (99, 1, '早发性卵巢功能不全', NULL, 1539250636895, 'e2c3f12d-8bbf-4711-85dc-67d5fa40625a.jpg', '', 'https://mp.weixin.qq.com/s?__biz=MzI3ODQ4MzIwNg==&mid=2247484471&idx=1&sn=9a2f0aa0fa55a0c043bfae04b0354ded&chksm=eb571c5edc209548e003616d547b2a2dc041547c0c48db9b92a0c13ba589bf94567bdbc75a79&token=2023474704&lang=zh_CN#rd', 0, 0, 0, 0, 0, 0);
INSERT INTO `t_article` VALUES (100, 1, '待产包清单大揭秘', NULL, 1539251012147, '4325e3f4-cc6a-437c-ae0f-21b07238e2fa.jpg', '', 'https://mp.weixin.qq.com/s?__biz=MzI3ODQ4MzIwNg==&mid=2247484472&idx=1&sn=acc338a8ca7c868f561e18d308a78b0e&chksm=eb571c51dc20954769123c6ab69962b66ee64693fe45ed0406a20405603fdcb99f82e74b73d2&token=2023474704&lang=zh_CN#rd', 0, 0, 0, 0, 0, 0);
INSERT INTO `t_article` VALUES (101, 1, '促排卵药物', NULL, 1539251029657, 'c07034c2-d907-45ab-a6a9-1456ec671b16.jpg', '', 'https://mp.weixin.qq.com/s?__biz=MzI3ODQ4MzIwNg==&mid=2247484480&idx=1&sn=ecbbdef5346752f8b6e55041e8c218fa&chksm=eb571c29dc20953f2d5ea11a9b9ea4d572357630cbd4fd83329f91682f8fda5cf69686af222e&token=2023474704&lang=zh_CN#rd', 0, 0, 0, 0, 0, 0);
INSERT INTO `t_article` VALUES (102, 1, '试管婴儿时间轴', NULL, 1539251085365, 'f7c42e10-c789-4f30-9051-1880271427d8.jpg', '', 'https://mp.weixin.qq.com/s?__biz=MzI3ODQ4MzIwNg==&mid=2247484491&idx=1&sn=679f3b7077674c49809c739117eac006&chksm=eb571c22dc2095347e84509c9933b1ab0eca213bb5c8f8ce719f2d19205cd66b9552a99b0354&token=2023474704&lang=zh_CN#rd', 0, 0, 0, 0, 0, 0);
INSERT INTO `t_article` VALUES (103, 1, '盆腔器官脱垂', NULL, 1539251243500, '76c651d2-03a6-434c-a6a8-c39585cad22e.jpg', '', 'https://mp.weixin.qq.com/s?__biz=MzI3ODQ4MzIwNg==&mid=2247484509&idx=1&sn=8818124e4fe2f20ba78e4bc771b0ef3c&chksm=eb571c34dc20952260af5e45408ddd4ec1d3eaac5352f925cff963aaddbd0ab938ece945ed80&token=2023474704&lang=zh_CN#rd', 0, 0, 0, 0, 0, 0);
INSERT INTO `t_article` VALUES (104, 2, '早产、低出生体重儿出院后如何喂养', NULL, 1539251279089, 'c66baec1-8ab3-4dce-8333-cdefe5b227f8.jpg', '', 'https://mp.weixin.qq.com/s?__biz=MzI3ODQ4MzIwNg==&mid=2247484513&idx=1&sn=18af8dff7edba31427b08608f4672b82&chksm=eb571c08dc20951ed0f1a644ba76babaa30dcb2399276ab315183196f35e71ece5a8d3fe3dc5&token=2023474704&lang=zh_CN#rd', 0, 0, 0, 0, 0, 0);
INSERT INTO `t_article` VALUES (105, 1, '小阴唇肥大整形手术', NULL, 1539251327028, '7cf8729f-e2d4-4d4c-8a49-ecd3f9287a5f.jpg', '', 'https://mp.weixin.qq.com/s?__biz=MzI3ODQ4MzIwNg==&mid=2247484520&idx=1&sn=ddbfb8b9da4d10367f8224c542462dba&chksm=eb571c01dc209517a29cd144690671def5cf2a004c36d2053774a75f6fb526218ec7dffba180&token=2023474704&lang=zh_CN#rd', 0, 0, 0, 0, 0, 0);
INSERT INTO `t_article` VALUES (106, 1, '梅毒', NULL, 1539251346445, '29e4bece-eff2-42d6-880b-4d26fa4aef95.jpg', '', 'https://mp.weixin.qq.com/s?__biz=MzI3ODQ4MzIwNg==&mid=2247484525&idx=1&sn=eaca4e0270e97926d2a4b2a5f16d9b04&chksm=eb571c04dc2095128c5ab2f28029bf8a49dadce1efea9b4e5c6e71238edd60b1ae5d4a7d4123&token=2023474704&lang=zh_CN#rd', 0, 0, 0, 0, 0, 0);
INSERT INTO `t_article` VALUES (107, 1, '年龄与卵巢', NULL, 1539251813195, '6a709bc3-401f-4d4e-953a-c3e16b977403.jpg', '', 'https://mp.weixin.qq.com/s?__biz=MzI3ODQ4MzIwNg==&mid=2247484535&idx=1&sn=f993a84f172a67fcc59da728340a3286&chksm=eb571c1edc20950801b40a96f3dc9aa2ba9559c4411551903c7d059f9cb20bfbf3b4667e370f&token=2023474704&lang=zh_CN#rd', 0, 0, 0, 0, 0, 0);
INSERT INTO `t_article` VALUES (108, 1, '女性压力性尿失禁治疗', NULL, 1539251835382, 'c8c33fb8-54ce-4b31-941d-855f46a39aa5.jpg', '', 'https://mp.weixin.qq.com/s?__biz=MzI3ODQ4MzIwNg==&mid=2247484550&idx=1&sn=940dc70149f7fb058469458689850ad4&chksm=eb571cefdc2095f9825b6c8af940ee24bde554939dbf5877e95c705c6e6e34d61ba4601b09fc&token=2023474704&lang=zh_CN#rd', 0, 0, 0, 0, 0, 0);
INSERT INTO `t_article` VALUES (109, 1, 'HPV疫苗接种', NULL, 1539251898856, '8fa25d28-60f3-4254-9c61-a46aa1f569ff.jpg', '', 'https://mp.weixin.qq.com/s?__biz=MzI3ODQ4MzIwNg==&mid=2247484559&idx=1&sn=ae26241d7ccbf56b521b0b1b825d78ee&chksm=eb571ce6dc2095f0e1f9c4d737a0370ba2d0e28cf3fba99e90cdfb0e41a27784a055fd37db2c&token=2023474704&lang=zh_CN#rd', 0, 0, 0, 0, 0, 0);
INSERT INTO `t_article` VALUES (110, 1, '小阴唇整形术:简单的修剪方法及新分级介绍', NULL, 1539252249883, '08efa51c-48fb-4033-b3ca-7603e017c456.jpg', '', 'https://mp.weixin.qq.com/s?__biz=MzI3ODQ4MzIwNg==&mid=2247484564&idx=1&sn=07bd5e2bab8bf389cb8706c65742a82d&chksm=eb571cfddc2095eb6d2362dc3e20902a9d8151c24c007f0bcb4aad7949c62db4b1cae7be61bf&token=2023474704&lang=zh_CN#rd', 0, 0, 0, 0, 0, 0);
INSERT INTO `t_article` VALUES (111, 1, '最新最全小阴唇肥大成型手术临床实践指导', NULL, 1539252367429, '1a42b06b-f1d4-4980-b814-d160059a8b36.jpg', '', 'https://mp.weixin.qq.com/s?__biz=MzI3ODQ4MzIwNg==&mid=2247484585&idx=1&sn=28f2b64db0c58bc45501d6bc1e0789c8&chksm=eb571cc0dc2095d68f5eff250990dba12a7b60931f4ff0c1f6cb08f7f0031f44b4ed06b1cbf8&token=2023474704&lang=zh_CN#rd', 0, 0, 0, 0, 0, 0);
INSERT INTO `t_article` VALUES (112, 1, '促排卵治疗', NULL, 1539252410625, 'ba3f6b40-b40a-4f95-9532-84349840067d.jpg', '', 'https://mp.weixin.qq.com/s?__biz=MzI3ODQ4MzIwNg==&mid=2247484590&idx=1&sn=d81684b25fc2ada9bc2fd9c08210d822&chksm=eb571cc7dc2095d1c34b02dde7fd7f656a3c2d2252ea2729075cd0fc16c3246d6139df1d49a0&token=2023474704&lang=zh_CN#rd', 0, 0, 0, 0, 0, 0);
INSERT INTO `t_article` VALUES (113, 1, '内膜癌指南的争鸣（ESMO-ESGO-ESTRO）', NULL, 1539252495757, 'f1f91143-cda9-4dce-86b6-ce21fed58b79.jpg', '', 'https://mp.weixin.qq.com/s?__biz=MzI3ODQ4MzIwNg==&mid=2247484602&idx=1&sn=2dbf6267f106c023c811a766d7f947e5&chksm=eb571cd3dc2095c5f9ba83cd7718ade9ceceebae69d903b9ac7bbf9daa226c636d29cb548829&token=2023474704&lang=zh_CN#rd', 0, 0, 0, 0, 0, 0);
INSERT INTO `t_article` VALUES (114, 2, '宝宝的便便', NULL, 1539252589289, 'b3dce273-dcbf-4258-9a83-aff1d86b8d11.jpg', '', 'https://mp.weixin.qq.com/s?__biz=MzI3ODQ4MzIwNg==&mid=2247484608&idx=1&sn=82a2054474de35451e8ddf8bcf13d76d&chksm=eb571ca9dc2095bf852e11a3845fa6d8b37fe9d17b01e2442dec92ee5aef18b796be54ca08d6&token=2023474704&lang=zh_CN#rd', 0, 0, 0, 0, 0, 0);
INSERT INTO `t_article` VALUES (115, 1, '早产高危人群', NULL, 1539252613247, '69049b1b-e5d4-4588-b082-e16e15a32f50.jpg', '', 'https://mp.weixin.qq.com/s?__biz=MzI3ODQ4MzIwNg==&mid=2247484613&idx=1&sn=c6118cacd19d707917a5ba78a00ca051&chksm=eb571cacdc2095ba294db0c4c0863cd84f83b930ee4535ad6782ab401a20f2a3d20934e16103&token=2023474704&lang=zh_CN#rd', 0, 0, 0, 0, 0, 0);
INSERT INTO `t_article` VALUES (116, 1, '隆乳术', NULL, 1539252660382, 'f93d3cc5-4406-48c1-902f-da15b6c7a788.jpg', '', 'https://mp.weixin.qq.com/s?__biz=MzI3ODQ4MzIwNg==&mid=2247484620&idx=1&sn=413885f6ef81c2127f716dc43286a01a&chksm=eb571ca5dc2095b3578d458aab4dcbd24e9fe446e82a6ccfca6ce57ffc560a0bfaa13bf935f4&token=2023474704&lang=zh_CN#rd', 0, 0, 0, 0, 0, 0);
INSERT INTO `t_article` VALUES (117, 1, '肩难产操作处理盘点', NULL, 1539252783818, '05ae4018-d656-4d6a-9797-cd9c60aea082.jpg', '', 'https://mp.weixin.qq.com/s?__biz=MzI3ODQ4MzIwNg==&mid=2247484630&idx=1&sn=b4858ffdc3b0e2ab4bc6bb83f41cc6c8&chksm=eb571cbfdc2095a99a8113241fc396f43762d79ed248ed0bc05f03e0e1f187f1abde7376d3ca&token=2023474704&lang=zh_CN#rd', 0, 0, 0, 0, 0, 0);
INSERT INTO `t_article` VALUES (118, 1, '哪些患者在行阴道镜检查时应做宫颈管诊刮术？', NULL, 1539252903653, 'c0200493-3b92-41d1-855b-bc1d5bab012a.jpg', '', 'https://mp.weixin.qq.com/s?__biz=MzI3ODQ4MzIwNg==&mid=2247484640&idx=1&sn=818d1b601c458639207d4b431082af6a&chksm=eb571c89dc20959f4b0730c40b6f75331a8970952ee3a686ec7360761ace0e01071280073568&token=2023474704&lang=zh_CN#rd', 0, 0, 0, 0, 0, 0);
INSERT INTO `t_article` VALUES (119, 1, 'HPV阳性！', NULL, 1539252940258, '57da2f2c-4850-4508-b643-e760b0d7fa71.jpg', '', 'https://mp.weixin.qq.com/s?__biz=MzI3ODQ4MzIwNg==&mid=2247484648&idx=1&sn=fd8fc04786c91b028b031f5924dc2f19&chksm=eb571c81dc20959771757419fe11b9e086fb589ed45372175065e6eddd0f7ae1798df291d366&token=2023474704&lang=zh_CN#rd', 0, 0, 0, 0, 0, 0);
INSERT INTO `t_article` VALUES (120, 2, '儿童疫苗', NULL, 1539252977478, '022200f3-418b-4eea-9097-d3dfd268554f.jpg', '', 'https://mp.weixin.qq.com/s?__biz=MzI3ODQ4MzIwNg==&mid=2247484653&idx=1&sn=de3545097b92a95e7785909f30860330&chksm=eb571c84dc20959221e52f108ac556f99ff4666812792f19386f617acc3c3da918a2d2bb4a93&token=2023474704&lang=zh_CN#rd', 0, 0, 0, 0, 0, 0);
INSERT INTO `t_article` VALUES (121, 1, '孕期体重怎样增长才靠谱？', NULL, 1539252994961, 'd1906e18-fae0-4a33-a2e8-2b232e1dd578.jpg', '', 'https://mp.weixin.qq.com/s?__biz=MzI3ODQ4MzIwNg==&mid=2247484660&idx=1&sn=31ded3d9426f5699d7cd2566d97dec59&chksm=eb571c9ddc20958b82d39d33f3144886a4784fed76c36014d68364ec92bbc4147ddd66d2af7e&token=2023474704&lang=zh_CN#rd', 0, 0, 0, 0, 0, 0);
INSERT INTO `t_article` VALUES (122, 1, '宫颈炎', NULL, 1539253023481, '9d373b26-424f-4960-b45f-a6b55ec9365b.jpg', '', 'https://mp.weixin.qq.com/s?__biz=MzI3ODQ4MzIwNg==&mid=2247484672&idx=1&sn=5d25095bd9b2f0bc30cc7d73c89dba24&chksm=eb571d69dc20947fd49235d13cede9f892b558508223c973ba3b11da35b44b43c14c164fcf1f&token=2023474704&lang=zh_CN#rd', 0, 0, 0, 0, 0, 0);
INSERT INTO `t_article` VALUES (123, 1, '性激素六项解读', NULL, 1539253045426, 'd901d59e-5967-4f80-bcdf-0cd81e6e3006.jpg', '', 'https://mp.weixin.qq.com/s?__biz=MzI3ODQ4MzIwNg==&mid=2247484684&idx=1&sn=f5bd5d52cd097b10080af9d577e03523&chksm=eb571d65dc209473f5b4e62f3d4a6a4b25b5a7dbd25d0e8ee946f5f7979fecc1e0579ef09789&token=2023474704&lang=zh_CN#rd', 0, 0, 0, 0, 0, 0);
INSERT INTO `t_article` VALUES (124, 1, '孕激素防治流产', NULL, 1539253131408, '54de9636-3416-46e7-b64c-13ea33386c8f.jpg', '', 'https://mp.weixin.qq.com/s?__biz=MzI3ODQ4MzIwNg==&mid=2247484693&idx=1&sn=506f1d36d6ad3886e78d0c8d62c2d493&chksm=eb571d7cdc20946ad40fed128fddb61390924e1d77dc6ed78a71c6565236b9bd0ab2c72448b8&token=2023474704&lang=zh_CN#rd', 0, 0, 0, 0, 0, 0);
INSERT INTO `t_article` VALUES (125, 1, '多囊卵巢综合征', NULL, 1539253152188, 'aaaf6189-bef6-4563-b140-6de83de838d2.jpg', '', 'https://mp.weixin.qq.com/s?__biz=MzI3ODQ4MzIwNg==&mid=2247484707&idx=1&sn=99ce3b3fd9049ef889f4e697131ab7f6&chksm=eb571d4adc20945c1c41af91bb59ef1264bb5195a58121019efdb11271e042453cb4674333cf&token=2023474704&lang=zh_CN#rd', 0, 0, 0, 0, 0, 0);
INSERT INTO `t_article` VALUES (126, 2, '儿童益生菌如何应用', NULL, 1539253184889, 'a3578cc2-ccd4-4f69-b85f-6698347ec565.jpg', '', 'https://mp.weixin.qq.com/s?__biz=MzI3ODQ4MzIwNg==&mid=2247484715&idx=1&sn=ff388b1a3c453ddddf80f2173e3a5ff2&chksm=eb571d42dc209454a7ae4b9c19fdac69549a228f4179ceddabbeb9ceb14d2199983ea97a9056&token=2023474704&lang=zh_CN#rd', 0, 0, 0, 0, 0, 0);
INSERT INTO `t_article` VALUES (127, 1, '备孕为什么要补充叶酸、铁、碘？', NULL, 1539253270049, '18929a33-5fc7-4315-835a-600f95d49c1e.jpg', '', 'https://mp.weixin.qq.com/s?__biz=MzI3ODQ4MzIwNg==&mid=2247484723&idx=1&sn=15f824332f6f2bdaa070cf8d06a1349d&chksm=eb571d5adc20944c6c2cba617fe57fb2be2277d6db131c96b91aefe1df0779bfacb471d72f9f&token=2023474704&lang=zh_CN#rd', 0, 0, 0, 0, 0, 0);
INSERT INTO `t_article` VALUES (128, 2, '如何改善夜间尿床？', NULL, 1539253299684, 'f301300a-65fa-4cf3-9388-6c631ded6912.jpg', '', 'https://mp.weixin.qq.com/s?__biz=MzI3ODQ4MzIwNg==&mid=2247484727&idx=1&sn=4bc51cccb413347f177a0569b1dcd8f8&chksm=eb571d5edc209448f9e20edee131edb054f755922aeac597981f220284614007f4462cc355ae&token=2023474704&lang=zh_CN#rd', 0, 0, 0, 0, 0, 0);
INSERT INTO `t_article` VALUES (129, 1, '压力性尿失禁的非手术治疗', NULL, 1539253352993, 'fdbdf21b-9585-4b6f-8ca2-a207909b8bf6.jpg', '', 'https://mp.weixin.qq.com/s?__biz=MzI3ODQ4MzIwNg==&mid=2247484734&idx=1&sn=77c713cf23a46ea8389f2aa0bdb45e44&chksm=eb571d57dc209441cf33d28257a78d0d0334add02491e249288194d3e019bf002a0d4c69b258&token=2023474704&lang=zh_CN#rd', 0, 0, 0, 0, 0, 0);
INSERT INTO `t_article` VALUES (130, 1, '避孕方法大盘点', NULL, 1539253494721, 'c9ca2111-d55d-47a0-ba5d-9aa3c9cbbc7a.jpg', '', 'https://mp.weixin.qq.com/s?__biz=MzI3ODQ4MzIwNg==&mid=2247484744&idx=1&sn=e19e41a229fcf23adca7fab51899dfd8&chksm=eb571d21dc209437e1ade8fdf6aa352d0aa7f263036cc2f938492a5481d46f3fe26ddc6995eb&token=2023474704&lang=zh_CN#rd', 0, 0, 0, 0, 0, 0);
INSERT INTO `t_article` VALUES (131, 1, '女性阴道微生态', NULL, 1539253663552, '2cbb6de4-8cb9-432c-adbe-55b5159adb33.jpg', '', 'https://mp.weixin.qq.com/s?__biz=MzI3ODQ4MzIwNg==&mid=2247484749&idx=1&sn=9d85682e74f81faf66e659ac212d74f2&chksm=eb571d24dc209432fbd9829318a8026826a2254a7d7508986513a7b5e08e1e8de4d87a7dd161&token=2023474704&lang=zh_CN#rd', 0, 0, 0, 0, 0, 0);
INSERT INTO `t_article` VALUES (132, 1, '乳腺纤维腺瘤', NULL, 1539253739950, '638c2aad-132c-4a45-b529-57fe41225410.jpg', '', 'https://mp.weixin.qq.com/s?__biz=MzI3ODQ4MzIwNg==&mid=2247484750&idx=1&sn=bcc68e8168166d76e2092241b8cba512&chksm=eb571d27dc2094313d44be5c02ad3cbe45fa74779785de6c02362f203c613721830606cde937&token=2023474704&lang=zh_CN#rd', 0, 0, 0, 0, 0, 0);
INSERT INTO `t_article` VALUES (133, 1, '多胎妊娠那些事', NULL, 1539253774417, '9d86fd62-ba21-4676-8e72-8a2365bd7c96.jpg', '', 'https://mp.weixin.qq.com/s?__biz=MzI3ODQ4MzIwNg==&mid=2247484760&idx=1&sn=2ac7165ef79246a733c1496d9764a42c&chksm=eb571d31dc2094271be27503782532321cc73697bd8392608b37752c826fa2b4449576f13c38&token=2023474704&lang=zh_CN#rd', 0, 0, 0, 0, 0, 0);
INSERT INTO `t_article` VALUES (134, 1, '不同期梅毒临床表现', NULL, 1539253805501, 'db4fc21e-a00f-44cb-88b1-15ac7c4ed247.jpg', '', 'https://mp.weixin.qq.com/s?__biz=MzI3ODQ4MzIwNg==&mid=2247484766&idx=1&sn=2e341e90ef9c06b5a8f380bf308696b1&chksm=eb571d37dc209421c81157f01aeb3c195e3a801033dfa06b3ab89f59e722e5e4805ba8ee7e46&token=2023474704&lang=zh_CN#rd', 0, 0, 0, 0, 0, 0);
INSERT INTO `t_article` VALUES (135, 1, '胎教', NULL, 1539253910494, '4fb33afe-0884-449f-a32a-c555ce55e1e1.jpg', '', 'https://mp.weixin.qq.com/s?__biz=MzI3ODQ4MzIwNg==&mid=2247484773&idx=1&sn=b22524d7004485f725b36895ecae739f&chksm=eb571d0cdc20941a958f7a1536daa5b567edb0daf6435829cb2f74f852c382b3ec4912104602&token=2023474704&lang=zh_CN#rd', 0, 0, 0, 0, 0, 0);
INSERT INTO `t_article` VALUES (136, 1, '如何识别产后抑郁', NULL, 1539253981371, 'c76b4eca-466c-4901-8951-75d82d504c3e.jpg', '', 'https://mp.weixin.qq.com/s?__biz=MzI3ODQ4MzIwNg==&mid=2247484782&idx=1&sn=27e646a6e02686a2b5f6c505d37631ab&chksm=eb571d07dc2094113b857a46e9724d3f86a578cf1aefd9f4347a4aa93560c1e92515226eb889&token=2023474704&lang=zh_CN#rd', 0, 0, 0, 0, 0, 0);
INSERT INTO `t_article` VALUES (137, 2, '宝宝辅食添加', NULL, 1539254203948, '3fe5a0e3-3095-4f7c-8c85-8a8cba7f9437.jpg', '', 'https://mp.weixin.qq.com/s?__biz=MzI3ODQ4MzIwNg==&mid=2247484787&idx=1&sn=bda5c2805112187734c826cd64c2c6f3&chksm=eb571d1adc20940c9955fad35e35ad1f6f255cfebe30938b51d8c646f57b3ac018a18b8cf41d&token=2023474704&lang=zh_CN#rd', 0, 0, 0, 0, 0, 0);
INSERT INTO `t_article` VALUES (138, 2, '维生素矿物质对儿童健康成长的影响', NULL, 1539254257169, '8a8ca594-8cc8-4647-a025-dd1eeddf6df5.jpg', '', 'https://mp.weixin.qq.com/s?__biz=MzI3ODQ4MzIwNg==&mid=2247484800&idx=1&sn=0c4a03a003b919136a3a696e669ec4a4&chksm=eb571de9dc2094ff6b95fbb0517086a99068aa6df89dfce8dc9f1c39cf7650cf08ff2823d343&token=2023474704&lang=zh_CN#rd', 0, 0, 0, 0, 0, 0);
INSERT INTO `t_article` VALUES (139, 1, '输卵管吻合术', NULL, 1539254393901, '7f543f3d-dcc4-43f5-bdb2-866f9c462db9.jpg', '', 'https://mp.weixin.qq.com/s?__biz=MzI3ODQ4MzIwNg==&mid=2247484801&idx=1&sn=a516f3029abbe91f7fe3f36ba5a5247b&chksm=eb571de8dc2094feda0dd6e976c4ab89a99c2a17f607d8e86480d1059989dc968bdc4003c57d&token=2023474704&lang=zh_CN#rd', 0, 0, 0, 0, 0, 0);
INSERT INTO `t_article` VALUES (140, 1, '月经过少的原因有哪些？', NULL, 1539254416117, 'b7d25ce4-90c9-4539-a6ad-5b300ebf4066.jpg', '', 'https://mp.weixin.qq.com/s?__biz=MzI3ODQ4MzIwNg==&mid=2247484806&idx=1&sn=ff74d23397ddf48f6e02e5b783198bb6&chksm=eb571defdc2094f9e2fb87916d688eab35432158439e0446426ca7e62fd3b897e4c26206915d&token=2023474704&lang=zh_CN#rd', 0, 0, 0, 0, 0, 0);
INSERT INTO `t_article` VALUES (141, 1, '剖宫产知多少？', NULL, 1539254432210, '28957e6d-325d-45b5-91ba-01f3e2f61220.jpg', '', 'https://mp.weixin.qq.com/s?__biz=MzI3ODQ4MzIwNg==&mid=2247484814&idx=1&sn=e01dc9b75215c6d619d761af40ebcd3c&chksm=eb571de7dc2094f185e22ea1620a102b557d8196468283a4184666dbeede0d5a664acd75fda2&token=2023474704&lang=zh_CN#rd', 0, 0, 0, 0, 0, 0);
INSERT INTO `t_article` VALUES (142, 1, '最新HPV疫苗大揭秘', NULL, 1539254563737, 'b1e31a91-4791-4d40-a894-71280edf5161.jpg', '', 'https://mp.weixin.qq.com/s?__biz=MzI3ODQ4MzIwNg==&mid=2247484822&idx=1&sn=80c2e6eaa400a31920d8831d111acafa&chksm=eb571dffdc2094e93fb7fa225e7b9ba7843b9e02bcd6d94e5857d13060ccedda1cf9b957080c&token=2023474704&lang=zh_CN#rd', 0, 0, 0, 0, 0, 0);
INSERT INTO `t_article` VALUES (143, 2, '快速识别儿童食物过敏', NULL, 1539254641919, 'a9080e10-386a-4d74-b12f-6a7aa5dc36a2.jpg', '', 'https://mp.weixin.qq.com/s?__biz=MzI3ODQ4MzIwNg==&mid=2247484826&idx=1&sn=b77b4f891f75ce3bd3045059fefda70b&chksm=eb571df3dc2094e575e64b15a07b0e661d30e58adaea3a1ec6d77c4faf1dc6300a8b311d7a65&token=2023474704&lang=zh_CN#rd', 0, 0, 0, 0, 0, 0);
INSERT INTO `t_article` VALUES (144, 1, '唐氏综合征', NULL, 1539254658134, '4adcd37b-2998-4ccb-a4e2-f6a6ec2660fb.jpg', '', 'https://mp.weixin.qq.com/s?__biz=MzI3ODQ4MzIwNg==&mid=2247484830&idx=1&sn=f1ee42292bd1677833590a1c6a07cc69&chksm=eb571df7dc2094e1845596c04c23c9f9db6220f50b364468720403a12416bf1bb8a080d8eeee&token=2023474704&lang=zh_CN#rd', 0, 0, 0, 0, 0, 0);
INSERT INTO `t_article` VALUES (145, 1, '高龄女性备孕须知', NULL, 1539254706866, '10a6a2ff-1bff-4266-bf2a-18eda323a153.jpg', '', 'https://mp.weixin.qq.com/s?__biz=MzI3ODQ4MzIwNg==&mid=2247484838&idx=1&sn=c94e0b6465455c32525c9de01a453b61&chksm=eb571dcfdc2094d94ddaac4679a2bfba669079dc924e50aa4d2a322008ea270fda414698d7e2&token=2023474704&lang=zh_CN#rd', 0, 0, 0, 0, 0, 0);
INSERT INTO `t_article` VALUES (146, 1, '复发性流产的原因详解', NULL, 1539255069526, '9d361e8f-1b7a-41ca-bfed-bbeeebff2e77.jpg', '', 'https://mp.weixin.qq.com/s?__biz=MzI3ODQ4MzIwNg==&mid=2247484847&idx=1&sn=002b8a6f14c41ef4faf2e89c83110613&chksm=eb571dc6dc2094d08a53ffbcd5f03dac91012417a7c6b84f7cd1343b300148dfc7ad6ef53baa&token=2023474704&lang=zh_CN#rd', 0, 0, 0, 0, 0, 0);
INSERT INTO `t_article` VALUES (147, 1, '更年期宝典', NULL, 1539255146579, '965d23b2-dade-4ccf-8e82-a0891c5e628f.jpg', '', 'https://mp.weixin.qq.com/s?__biz=MzI3ODQ4MzIwNg==&mid=2247484866&idx=1&sn=850af84dfe9f06d3017deafa649f81b8&chksm=eb571dabdc2094bd71ddf0c82d74b9b07a4f78dbb6ad29603846f94805ff85274da8643796c7&token=2023474704&lang=zh_CN#rd', 0, 0, 0, 0, 0, 0);
INSERT INTO `t_article` VALUES (148, 1, '在家可以做的乳腺自检', NULL, 1539255166491, '5b0cd411-2745-4ebc-95b5-75d9b9f7bffb.jpg', '', NULL, 1, 0, 0, 0, 0, 0);
INSERT INTO `t_article` VALUES (149, 2, '儿童发热须知', NULL, 1539255181964, '821c84f2-ccff-45ed-981c-5a868f52076e.jpg', '', 'https://mp.weixin.qq.com/s?__biz=MzI3ODQ4MzIwNg==&mid=2247484873&idx=1&sn=43e4be9fc7e6f89e520f675a98ea0dd6&chksm=eb571da0dc2094b673079bd07450fc4c3bc85e868ef7f5da99ec9bb029bf13f7deda2ba1d4d3&token=2023474704&lang=zh_CN#rd', 0, 0, 0, 0, 0, 0);
INSERT INTO `t_article` VALUES (150, 1, '当青春期遇上多囊卵巢综合征', NULL, 1539255203863, '51d0ab8d-5d61-4057-886d-b8913478ed6a.jpg', '', 'https://mp.weixin.qq.com/s?__biz=MzI3ODQ4MzIwNg==&mid=2247484877&idx=1&sn=d71d96f1b922def6a94407ceb859e4c2&chksm=eb571da4dc2094b24b0d75a6e2936355c1ac62e2465a83d3be6523027b534a9afdd3bcb1ab5a&token=2023474704&lang=zh_CN#rd', 0, 0, 0, 0, 0, 0);
INSERT INTO `t_article` VALUES (151, 1, '早产如何预防与治疗？', NULL, 1539255218750, '1ffd534a-7ba1-46af-b2b9-a736c6f74eaa.jpg', '', 'https://mp.weixin.qq.com/s?__biz=MzI3ODQ4MzIwNg==&mid=2247484888&idx=1&sn=990a34810d4114a15093b53d53c72ffe&chksm=eb571db1dc2094a76cba55458b33a4fc1886d01f16c5fb68f387dd80b05cf7ea99bd744c342a&token=2023474704&lang=zh_CN#rd', 0, 0, 0, 0, 0, 0);
INSERT INTO `t_article` VALUES (152, 2, '儿童急性扁导体炎', NULL, 1539255661549, '6ba57b85-401f-48c5-a50f-72e365ff6d2a.jpg', '', 'https://mp.weixin.qq.com/s?__biz=MzI3ODQ4MzIwNg==&mid=2247484893&idx=1&sn=336e08de3a3a1ccfa78974ca196892ac&chksm=eb571db4dc2094a2ca0e813d820009aa01619b8dc0795365b6f33e23ab219b97fea4cbea13e0&token=2023474704&lang=zh_CN#rd', 0, 0, 0, 0, 0, 0);
INSERT INTO `t_article` VALUES (153, 1, '孕妇肠道菌群VS胎源性疾病（一图读懂）', NULL, 1539255681037, '1609a0c5-f57c-4f72-9be2-6eed71287d4b.jpg', '', 'https://mp.weixin.qq.com/s?__biz=MzI3ODQ4MzIwNg==&mid=2247484901&idx=1&sn=23832a288809ba017489b9ff5f853560&chksm=eb571d8cdc20949a11dc5494e8722f1fb927590575fd011962fbef77b8678c333d65addf020d&token=2023474704&lang=zh_CN#rd', 0, 0, 0, 0, 0, 0);
INSERT INTO `t_article` VALUES (154, 1, '女性生殖道沙眼衣原体感染详细治疗方案推荐', NULL, 1539255724582, 'eba045cd-6132-4968-bcbf-bb5063818c3f.jpg', '', 'https://mp.weixin.qq.com/s?__biz=MzI3ODQ4MzIwNg==&mid=2247484912&idx=1&sn=1690a95624ca530d4cb339f32867c3d4&chksm=eb571d99dc20948f708cc5608a072d9e7f28f1aab3fa441e9b91cb52909851bc5f14288ce3d3&token=2023474704&lang=zh_CN#rd', 0, 0, 0, 0, 0, 0);
INSERT INTO `t_article` VALUES (155, 1, '卵巢早衰的影响与治疗', NULL, 1539255749601, '324fcf01-ab6a-4124-b0c0-4ba618a103ce.jpg', '', 'https://mp.weixin.qq.com/s?__biz=MzI3ODQ4MzIwNg==&mid=2247484918&idx=1&sn=d8a1afb4d36b935a7819360108320b3e&chksm=eb571d9fdc209489c47700b93ae85196942a3f814135625931b888fc4eccc173179f34e46d4f&token=2023474704&lang=zh_CN#rd', 0, 0, 0, 0, 0, 0);
INSERT INTO `t_article` VALUES (156, 1, '超声引导经皮微波消融治疗子宫肌瘤', NULL, 1539255852623, '9496fd13-e1d3-4cd4-8228-fdb5418abd24.jpg', '', 'https://mp.weixin.qq.com/s?__biz=MzI3ODQ4MzIwNg==&mid=2247484939&idx=1&sn=3f0b460469f57055ca92b2992150c00e&chksm=eb571e62dc209774e153c7a65b010b31aca55670b429a30bba918aae70a1510917ea50e6e798&token=2023474704&lang=zh_CN#rd', 0, 2, 0, 0, 2, 1);
INSERT INTO `t_article` VALUES (157, 1, '子宫内膜异位症', NULL, 1539255874334, 'b9ef3beb-f324-4214-88c1-d9ae9060619b.jpg', '', 'https://mp.weixin.qq.com/s?__biz=MzI3ODQ4MzIwNg==&mid=2247484950&idx=1&sn=04dad89e24b01de0e7a7f2b63bec40fb&chksm=eb571e7fdc2097691b15df37baf1c171e0e9a5c888b224bb495a989cfd8d56bc42278978bb5c&token=2023474704&lang=zh_CN#rd', 0, 0, 0, 0, 0, 0);
INSERT INTO `t_article` VALUES (158, 2, '如何添加辅食一图懂', NULL, 1539255950609, '75a287e2-fcd8-4dbe-97fa-95a3e57fb10d.jpg', '', 'https://mp.weixin.qq.com/s?__biz=MzI3ODQ4MzIwNg==&mid=2247484959&idx=1&sn=ea6e551f49a051e94b853e90f9a7b424&chksm=eb571e76dc209760dc0c8e308604a1900aeede4bd659cd29cd322c90ca29a394852c30228566&token=2023474704&lang=zh_CN#rd', 0, 0, 0, 0, 0, 0);
INSERT INTO `t_article` VALUES (159, 1, '孕激素在妇科内分泌疾病中的应用', NULL, 1539255972031, 'a151e497-fb90-4964-a732-1e9a50305799.jpg', '', 'https://mp.weixin.qq.com/s?__biz=MzI3ODQ4MzIwNg==&mid=2247484966&idx=1&sn=8c12a7339d139e0367f7c349c56960ed&chksm=eb571e4fdc2097597ba41b257cf13e6df4a9bc1717c245baff43033b92ee3eaebe8eb1b1c6d5&token=2023474704&lang=zh_CN#rd', 0, 0, 0, 0, 0, 0);
INSERT INTO `t_article` VALUES (160, 1, '女性压力性尿失禁治疗方式', NULL, 1539316888400, '9c253759-39ee-4f46-bdd6-602afb341574.jpg', '', 'https://mp.weixin.qq.com/s?__biz=MzI3ODQ4MzIwNg==&mid=2247484972&idx=1&sn=f5c204039614816b609ee2ea12239ba3&chksm=eb571e45dc209753e22f779f08e5cf5c21c25dfef75c7c8d644455a8fd5d0b7dfe7b7679fd32&token=2023474704&lang=zh_CN#rd', 0, 0, 0, 0, 0, 0);
INSERT INTO `t_article` VALUES (161, 1, '高龄产妇需要面对的问题', NULL, 1539317631324, '3e23e0aa-3267-47c2-902e-a27945b9d634.jpg', '', 'https://mp.weixin.qq.com/s?__biz=MzI3ODQ4MzIwNg==&mid=2247484988&idx=1&sn=4a713609513a8d96d7f84f318d20fe12&chksm=eb571e55dc209743ee9024d80af3ebc24497437417e7e91cd9e81daa5a92e7048aaf794bdcdd&token=2023474704&lang=zh_CN#rd', 0, 0, 0, 0, 0, 0);
INSERT INTO `t_article` VALUES (162, 1, '高龄产妇妊娠期有哪些风险', NULL, 1539317649971, 'a1735f67-310e-45d0-b78f-10621bdf4d05.jpg', '', 'https://mp.weixin.qq.com/s?__biz=MzI3ODQ4MzIwNg==&mid=2247484992&idx=1&sn=4bbd82d55d4fd7a175c5b4d21d36dd39&chksm=eb571e29dc20973ff1dd7c1d373976dd7845e316dba0c49493adadfe3f59a5b958526ba3052b&token=2023474704&lang=zh_CN#rd', 0, 0, 0, 0, 0, 0);
INSERT INTO `t_article` VALUES (163, 1, '子宫内膜癌保留生育功能治疗', NULL, 1539317685890, '164104a1-41a6-4341-a0e8-c5ce8e0fdc36.jpg', '', 'https://mp.weixin.qq.com/s?__biz=MzI3ODQ4MzIwNg==&mid=2247485004&idx=1&sn=446c361b88824f2fac2c30937337de36&chksm=eb571e25dc209733141cd5815e377d89eae5890b84c4123b43a2e0f20501c74ee6dc41bddbf3&token=1080337831&lang=zh_CN#rd', 0, 0, 0, 0, 0, 0);
INSERT INTO `t_article` VALUES (164, 1, '妊娠期肥胖的危害', NULL, 1539317892447, '77ce41e5-d8c2-4f9e-9213-90925cb63b4f.jpg', '', 'https://mp.weixin.qq.com/s?__biz=MzI3ODQ4MzIwNg==&mid=2247485014&idx=1&sn=c6d161770038e3adff2c6ed7eeddae50&chksm=eb571e3fdc20972915d455d927e746039d394aa305a2e56c118fcab2cfade940986f75e09007&token=1080337831&lang=zh_CN#rd', 0, 0, 0, 0, 0, 0);
INSERT INTO `t_article` VALUES (165, 1, '尿路感染之复杂性尿路感染', NULL, 1539318131937, '42162ca1-c1d7-4aed-a91f-b69219cfbf6c.jpg', '', 'https://mp.weixin.qq.com/s?__biz=MzI3ODQ4MzIwNg==&mid=2247485019&idx=1&sn=ac5f0132426397a16f3098a1be74dc4d&chksm=eb571e32dc2097249c44af10315fa028566ad72d55d4f1ffd847581a847f4ac246ff22ca2fb0&token=1080337831&lang=zh_CN#rd', 0, 0, 0, 0, 0, 0);
INSERT INTO `t_article` VALUES (166, 1, '不容错过的高龄女性孕前生育力评估', NULL, 1539318206619, '3f1239b1-299c-44d6-94c7-82b5d81d1ec6.jpg', '', 'https://mp.weixin.qq.com/s?__biz=MzI3ODQ4MzIwNg==&mid=2247485031&idx=1&sn=0d8d0bd493eee5c13f11c539de02a64e&chksm=eb571e0edc20971841a30c353864d2d4041aeba5da1fb1d69b62501947d98e290370b3e1f1d4&token=1080337831&lang=zh_CN#rd', 0, 0, 0, 0, 0, 0);
INSERT INTO `t_article` VALUES (167, 1, '高龄备孕妇女常见内科疾病及处理（上）', NULL, 1539318257731, '2ccba3fa-000b-4475-886c-2e589526ba8b.jpg', '', 'https://mp.weixin.qq.com/s?__biz=MzI3ODQ4MzIwNg==&mid=2247485098&idx=1&sn=d13f6790ac70be3e00769582e85ef051&chksm=eb571ec3dc2097d51824d3d33a686d0c3a091873884993e1f04a9f0834b5b78f2f92785d50a8&token=1080337831&lang=zh_CN#rd', 0, 0, 0, 0, 0, 0);
INSERT INTO `t_article` VALUES (168, 1, '高龄备孕妇女常见内科疾病及处理（下）', NULL, 1539318281029, '982ec6d4-b2dc-4735-beb1-50950b4defaa.jpg', '', 'https://mp.weixin.qq.com/s?__biz=MzI3ODQ4MzIwNg==&mid=2247485099&idx=1&sn=143838c9590d3bd0fb187482c3b2f6a9&chksm=eb571ec2dc2097d486545989e5e24354288198f83c5adb84e03842c33a2cc3eb86b076d5ff18&token=1080337831&lang=zh_CN#rd', 0, 0, 0, 0, 0, 0);
INSERT INTO `t_article` VALUES (169, 1, '子宫内膜癌分子分型', NULL, 1539318309785, 'fa83d077-a4f2-4a36-8d98-fcd50c3345cc.jpg', '', 'https://mp.weixin.qq.com/s?__biz=MzI3ODQ4MzIwNg==&mid=2247485112&idx=1&sn=a8f7fd4d4a5b9b26d5b4bee338de58cc&chksm=eb571ed1dc2097c70ee4db2b88f2a0d7817d6bca0452fd9d991e271404855f5646741dbdb2c6&token=1080337831&lang=zh_CN#rd', 0, 0, 0, 0, 0, 0);
INSERT INTO `t_article` VALUES (170, 1, '乳腺癌术后康复宝典', NULL, 1539318392567, '399aab7b-508f-42f0-b514-578d60a6f471.jpg', '', 'https://mp.weixin.qq.com/s?__biz=MzI3ODQ4MzIwNg==&mid=2247485131&idx=1&sn=d829b300db8aa8eb8c2574dbd23d2726&chksm=eb571ea2dc2097b4f7b29b94ad2560c33a33a24dc19c03f87ba7fbef200dec07887eedd1afa4&token=1080337831&lang=zh_CN#rd', 0, 0, 0, 0, 0, 0);
INSERT INTO `t_article` VALUES (171, 1, '排卵诱导药物的并发症', NULL, 1539318414802, '29c17c00-296c-4266-8a7d-488d99c72a68.jpg', '', 'https://mp.weixin.qq.com/s?__biz=MzI3ODQ4MzIwNg==&mid=2247485138&idx=1&sn=0aafb0714b255f5dc2acfd81f36159be&chksm=eb571ebbdc2097ad147ec1c1a1d88c00553af19cb2fdb7aa60d84fbaf6130a6c3dc5dfb83d9e&token=1080337831&lang=zh_CN#rd', 0, 0, 0, 0, 0, 0);
INSERT INTO `t_article` VALUES (172, 1, '前次剖宫产再次妊娠会有什么影响?', NULL, 1539318439781, '68cf16a1-6ca6-40b1-a33a-8b6f534b84a2.jpg', '', 'https://mp.weixin.qq.com/s?__biz=MzI3ODQ4MzIwNg==&mid=2247485143&idx=1&sn=97abeebbcce890c42f5d92c62a847fa8&chksm=eb571ebedc2097a8cdb605b772bb55cbd6d6c4416ce83f106f96bcedc80908ccc5340419cb16&token=1080337831&lang=zh_CN#rd', 0, 0, 0, 0, 0, 0);
INSERT INTO `t_article` VALUES (173, 1, '2017ASCCP新术语及最新阴道镜标准详解', NULL, 1539318500924, '57fb2981-956e-4c3f-a5f1-13cd01631249.jpg', '', 'https://mp.weixin.qq.com/s?__biz=MzI3ODQ4MzIwNg==&mid=2247485166&idx=1&sn=b95952e6eb74f6b9aef6364e0b337b0b&chksm=eb571e87dc2097914050e09c886ebdbf7b20256a85bf3ad44e6679678d2c875fae6ac959e49b&token=1080337831&lang=zh_CN#rd', 0, 0, 0, 0, 0, 0);
INSERT INTO `t_article` VALUES (174, 2, '如何识别儿童抽动障碍', NULL, 1539318521067, '9f566f81-28d7-4a12-a7b7-a11885c7eecd.jpg', '', 'https://mp.weixin.qq.com/s?__biz=MzI3ODQ4MzIwNg==&mid=2247485176&idx=1&sn=763412715eae6038de57f7f4f49fcc60&chksm=eb571e91dc2097875e57f0bcd39d71dd0f94f9aa69048dc57cfaca6b0b45b64dcfb30fc5babd&token=1080337831&lang=zh_CN#rd', 0, 0, 0, 0, 0, 0);
INSERT INTO `t_article` VALUES (175, 1, '如何鉴别异位妊娠与输卵管/卵巢绒毛膜癌', NULL, 1539318552674, 'eb3d5e12-dcfc-4e9f-9107-779db8ce86f1.jpg', '', 'https://mp.weixin.qq.com/s?__biz=MzI3ODQ4MzIwNg==&mid=2247485177&idx=1&sn=59bde1181c31b8342fd1599691978b43&chksm=eb571e90dc209786f37947ff9dada6361230e7dfd9ad78c14693a78be9a3313adefba1d92bc1&token=1080337831&lang=zh_CN#rd', 0, 0, 0, 0, 0, 0);
INSERT INTO `t_article` VALUES (176, 1, '2017ASCCP新术语及最新阴道镜标准专家解读', NULL, 1539318598823, 'ab6b513d-0be7-4b1c-b12a-53c421b92de1.jpg', '', 'https://mp.weixin.qq.com/s?__biz=MzI3ODQ4MzIwNg==&mid=2247485182&idx=1&sn=5d4f223b990123b3c6556de60fb8fda8&chksm=eb571e97dc20978196e9ed8b0404df43ad3c50b57277c126bc23985d82a627c9089ea55e6f30&token=1080337831&lang=zh_CN#rd', 0, 0, 0, 0, 0, 0);
INSERT INTO `t_article` VALUES (177, 1, '宫腔粘连术后受孕方式的选择', NULL, 1539318702063, 'fed4574e-308a-4c37-a2a1-5826f6aea044.jpg', '', 'https://mp.weixin.qq.com/s?__biz=MzI3ODQ4MzIwNg==&mid=2247485184&idx=1&sn=26b27ca740e7f0807dc78b87af886397&chksm=eb571f69dc20967f22f5e4066f203e744d3bf2fdef36d3793074a9ab2452cf89f2874a88a21d&token=1080337831&lang=zh_CN#rd', 0, 0, 0, 0, 0, 0);
INSERT INTO `t_article` VALUES (178, 1, '一图读懂女性性早熟', NULL, 1539318740361, '195156e7-42f1-461c-9e9a-1a63ebe21c2e.jpg', '', 'https://mp.weixin.qq.com/s?__biz=MzI3ODQ4MzIwNg==&mid=2247485205&idx=1&sn=6048f98ba89553531ba009be7ffcec4b&chksm=eb571f7cdc20966aaa2860b09a6e1b178ca2199251000e4928e0d7151de334da02f60aafd469&token=1080337831&lang=zh_CN#rd', 0, 0, 0, 0, 0, 0);
INSERT INTO `t_article` VALUES (179, 1, '剖宫产再认识', NULL, 1539318788412, '312adfb0-30a6-45f6-be83-223867a3eeca.jpg', '', 'https://mp.weixin.qq.com/s?__biz=MzI3ODQ4MzIwNg==&mid=2247485215&idx=1&sn=819568ea5b7892f4402919d5750645ff&chksm=eb571f76dc20966001ebd46ecf21f8c02df0f67d7dcebe5c9bc62f227ad55ebc89500b382e22&token=1080337831&lang=zh_CN#rd', 0, 0, 0, 0, 0, 0);
INSERT INTO `t_article` VALUES (180, 1, '孕期保健须知', NULL, 1539318804010, 'ab3d51d3-b9a1-485f-964e-120a3619de79.jpg', '', 'https://mp.weixin.qq.com/s?__biz=MzI3ODQ4MzIwNg==&mid=2247485255&idx=1&sn=1eab92c1b33f133080e2520ca8b5f2a9&chksm=eb571f2edc20963830e5adc39c17861588efd671c9a6a146475d85d12bc22f01ea56567a68d6&token=1080337831&lang=zh_CN#rd', 0, 0, 0, 0, 0, 0);
INSERT INTO `t_article` VALUES (181, 1, '一图读懂子宫内膜增生', NULL, 1539318885778, 'a80bbb2c-bde4-4e20-98e9-840e87cf2b12.jpg', '', 'https://mp.weixin.qq.com/s?__biz=MzI3ODQ4MzIwNg==&mid=2247485270&idx=1&sn=1324b6c5bc09ebc9afcf173289803d8c&chksm=eb571f3fdc209629a8b6ad02c25498f2257a00403c40c6682118db9631ed3292417647fd3c70&token=1080337831&lang=zh_CN#rd', 0, 0, 0, 0, 0, 0);
INSERT INTO `t_article` VALUES (182, 1, '子宫内膜增生治疗', NULL, 1539318909582, '7c511b7f-13c8-4bae-b0a4-b55883f62a6f.jpg', '', 'https://mp.weixin.qq.com/s?__biz=MzI3ODQ4MzIwNg==&mid=2247485275&idx=1&sn=a6c37f8c6d5e8442976638386c738dbe&chksm=eb571f32dc209624351711f9d8ee60431cbe2215822e8bdae90905ea006d56c7eae13cee59b5&token=1080337831&lang=zh_CN#rd', 0, 0, 0, 0, 0, 0);
INSERT INTO `t_article` VALUES (183, 1, '输卵管妊娠的保守治疗', NULL, 1539318980778, '874ef547-09b0-41bf-965d-bd3ddfeb33a4.jpg', '', 'https://mp.weixin.qq.com/s?__biz=MzI3ODQ4MzIwNg==&mid=2247485276&idx=1&sn=fb79c593825ab13236210b916c13fd53&chksm=eb571f35dc20962374b32e426809df241d99ac6aeb5c16886fed2eb0e7c81be32cba27135ae5&token=1080337831&lang=zh_CN#rd', 0, 0, 0, 0, 0, 0);
INSERT INTO `t_article` VALUES (184, 1, '一图读懂早发性卵巢功能不全', NULL, 1539318999042, 'b0de95ef-9211-45f5-97cb-d6cbcaa2d5c3.jpg', '', 'https://mp.weixin.qq.com/s?__biz=MzI3ODQ4MzIwNg==&mid=2247485286&idx=1&sn=8e560fd1ee600c3b4215d4487c5881b4&chksm=eb571f0fdc209619f993bf71ba2f310d698b246fa2807a5150832dc162a558275b7bc060f675&token=1080337831&lang=zh_CN#rd', 0, 0, 0, 0, 0, 0);
INSERT INTO `t_article` VALUES (185, 1, '一图读懂早发性卵巢功能的治疗', NULL, 1539319044719, 'e874b2d7-0088-44dd-95bc-6a4f351c62fa.jpg', '', 'https://mp.weixin.qq.com/s?__biz=MzI3ODQ4MzIwNg==&mid=2247485291&idx=1&sn=d5e4956b3224c536522d10c700b01c41&chksm=eb571f02dc209614dcf3072d99848f1596e4497ea995771862a3378f641d630dd3110cbf361d&token=1080337831&lang=zh_CN#rd', 0, 0, 0, 0, 0, 0);
INSERT INTO `t_article` VALUES (186, 1, '快速了解宫颈癌不同分期治疗方案', NULL, 1539319093161, 'a06401e0-c6f6-43f5-a488-a9c0f370934d.jpg', '', 'https://mp.weixin.qq.com/s?__biz=MzI3ODQ4MzIwNg==&mid=2247485306&idx=1&sn=14ca521bacb94aaf4771ffcd34d00208&chksm=eb571f13dc2096054e1eb8c230c3336a24be71eb8409c030bc8b73a08eeec0393e9911f18d5c&token=1080337831&lang=zh_CN#rd', 0, 0, 0, 0, 0, 0);
INSERT INTO `t_article` VALUES (187, 1, '快速了解宫颈癌不同分期治疗方案（二）', NULL, 1539319113156, '07f1e8a8-e0be-4b01-bfd5-0c1e8555f32c.jpg', '', 'https://mp.weixin.qq.com/s?__biz=MzI3ODQ4MzIwNg==&mid=2247485320&idx=1&sn=8b7ac4cc051feae8b69c6bb1c4f77368&chksm=eb571fe1dc2096f7023416b47347dcf777bd7d34071c154133971341d9e70932d2cb7c0ea57c&token=1080337831&lang=zh_CN#rd', 0, 0, 0, 0, 0, 0);
INSERT INTO `t_article` VALUES (188, 1, '妊娠期尿路感染怎么办？', NULL, 1539319169657, 'ccd00cd0-281a-42bd-8efb-0805fbf88a4a.jpg', '', 'https://mp.weixin.qq.com/s?__biz=MzI3ODQ4MzIwNg==&mid=2247485326&idx=1&sn=b01fb32278de6531a8e9f1e9ad98dc37&chksm=eb571fe7dc2096f1756e14c104b117660a8194c52136cfe6ef0bdd729a742fc15408acb9bdf2&token=1080337831&lang=zh_CN#rd', 0, 0, 0, 0, 0, 0);
INSERT INTO `t_article` VALUES (189, 1, '一图读懂2017年子宫内膜癌最新指南', NULL, 1539319203239, '5e93ed06-6b61-4d2e-89a4-fd55b38e0ed0.jpg', '', 'https://mp.weixin.qq.com/s?__biz=MzI3ODQ4MzIwNg==&mid=2247485338&idx=1&sn=9d13af275396e3a16c0142ab040a1962&chksm=eb571ff3dc2096e532d74fb6164fbad3a0dc49d2234a5a66e0b32768af1c39f10613fa227045&token=1080337831&lang=zh_CN#rd', 0, 0, 0, 0, 0, 0);
INSERT INTO `t_article` VALUES (190, 1, '备孕，叶酸必须好好补！', NULL, 1539319259335, 'e384e35b-c7c5-4bbd-b66d-79ea84cf54e9.jpg', '', 'https://mp.weixin.qq.com/s?__biz=MzI3ODQ4MzIwNg==&mid=2247485339&idx=1&sn=a253730ff96dd326b601fe951279420b&chksm=eb571ff2dc2096e44e5cfec69a37db5c62a70d39cf78a57ea1aa1d7d668fb332baccc2998677&token=1080337831&lang=zh_CN#rd', 0, 0, 0, 0, 0, 0);
INSERT INTO `t_article` VALUES (191, 1, '你必须知道的孕期营养！', NULL, 1539319268875, '7388f8ee-1317-47f9-aa04-30b6584097a0.jpg', '', 'https://mp.weixin.qq.com/s?__biz=MzI3ODQ4MzIwNg==&mid=2247485353&idx=1&sn=37cd20ba57b0005fdee4a9517cd65130&chksm=eb571fc0dc2096d6bb818bda610d75d77c0dd15fa7cdc7d2e83b18369839e8e78cdc1cb1c481&token=1080337831&lang=zh_CN#rd', 0, 0, 0, 0, 0, 0);
INSERT INTO `t_article` VALUES (192, 1, '不孕、盆腔疼痛，你可能需要这篇文章！', NULL, 1539319349898, '6ea29755-437f-4a71-8a90-7a6498ede4a5.jpg', '', 'https://mp.weixin.qq.com/s?__biz=MzI3ODQ4MzIwNg==&mid=2247485363&idx=1&sn=3bb7cd7a0f7ccaad0b20a40f69307625&chksm=eb571fdadc2096cc1aa66b89e52f66e6c770d57eee829c893c6c92547d99cf2f4e89e6f8fe0a&token=1080337831&lang=zh_CN#rd', 0, 0, 0, 0, 0, 0);
INSERT INTO `t_article` VALUES (193, 1, '什么原因导致复发性流产？内分泌异常患者怎么办？', NULL, 1539319378196, '141ac631-1dc9-488a-955e-e668b06ef395.jpg', '', 'https://mp.weixin.qq.com/s?__biz=MzI3ODQ4MzIwNg==&mid=2247485373&idx=1&sn=e9ae7c98a7242048e0ebeb00279aff82&chksm=eb571fd4dc2096c2e06e56ee07835fe0a8cbdc5d050262cc19ef00bca9615eabeb8222cc2b10&token=1080337831&lang=zh_CN#rd', 0, 0, 0, 0, 0, 0);
INSERT INTO `t_article` VALUES (194, 1, '孕期胎儿生长周期', NULL, 1539319399116, 'f318692f-496d-4870-a2e6-5e62fcb00170.jpg', '', 'https://mp.weixin.qq.com/s?__biz=MzI3ODQ4MzIwNg==&mid=2247485378&idx=1&sn=50f34d57a6060d96493ab03530410074&chksm=eb571fabdc2096bd61098af527e0c2878aa00441a84cfbd709f1a50a0dd9c887b315e98ef563&token=1080337831&lang=zh_CN#rd', 0, 0, 0, 0, 0, 0);
INSERT INTO `t_article` VALUES (195, 1, '剧烈孕吐时该怎么办？（转给有需要的人）', NULL, 1539319440017, 'f226ef17-65db-47b6-ba47-f6d62c1bad6f.jpg', '', 'https://mp.weixin.qq.com/s?__biz=MzI3ODQ4MzIwNg==&mid=2247485394&idx=1&sn=7c6e26959d98152dd7d1322f66fb9941&chksm=eb571fbbdc2096ad21c82a20346dc2be1bc186036a7cde48059b1ebe80cec127b68be5ebec14&token=1080337831&lang=zh_CN#rd', 0, 0, 0, 0, 0, 0);
INSERT INTO `t_article` VALUES (196, 1, '想要“二孩”的高龄产妇有多难？', NULL, 1539319451297, 'e08b7374-2160-416b-af52-b15a7f2e976a.jpg', '', 'https://mp.weixin.qq.com/s?__biz=MzI3ODQ4MzIwNg==&mid=2247485404&idx=1&sn=53edc96b35b6d8b63c1fcdc414015fb7&chksm=eb571fb5dc2096a3478cedaaaaa0435b36123a97af09ebe3d638c46dc52aadcfa30585af3f63&token=1080337831&lang=zh_CN#rd', 0, 0, 0, 0, 0, 0);
INSERT INTO `t_article` VALUES (197, 2, '儿童剧烈瘙痒，这种皮炎怎么治？', NULL, 1539319470214, 'd6257df7-8ea3-47d6-aa74-7156b2a9015d.jpg', '', 'https://mp.weixin.qq.com/s?__biz=MzI3ODQ4MzIwNg==&mid=2247485409&idx=1&sn=c988e68fda28f08041792228c85fdf45&chksm=eb571f88dc20969e3e3a1a2264fe082d2e75a4aed32f4c18d31de3cfca1c841035f998b608c3&token=1080337831&lang=zh_CN#rd', 0, 0, 0, 0, 0, 0);
INSERT INTO `t_article` VALUES (198, 1, '产后出血的处理策略（干货）', NULL, 1539319517962, '233b241f-1130-409e-ab34-cd9390514914.jpg', '', 'https://mp.weixin.qq.com/s?__biz=MzI3ODQ4MzIwNg==&mid=2247485423&idx=1&sn=40d7819026747ce9dbe6fbc4e2da3251&chksm=eb571f86dc209690ffc5cb32f59dd7c76e6810bfe4a09bfdb21a4b0ad36302dd29fb5d24f8ee&token=1080337831&lang=zh_CN#rd', 0, 0, 0, 0, 0, 0);
INSERT INTO `t_article` VALUES (199, 1, '孩子吃饭，这些建议很重要！', NULL, 1539319549931, '6423477f-8fd3-4b12-a23f-8a7aeaba728c.jpg', '', 'https://mp.weixin.qq.com/s?__biz=MzI3ODQ4MzIwNg==&mid=2247485438&idx=1&sn=4b1822b16938a0d3ec66e3760b031daf&chksm=eb571f97dc209681880d6e4ce4cb16657f36abc279d1d63068b5db329b707a837ae8b0b8ea24&token=1080337831&lang=zh_CN#rd', 0, 0, 0, 0, 0, 0);
INSERT INTO `t_article` VALUES (200, 1, '孕期产检时间表！（收藏）', NULL, 1539319570259, '7a726a13-579b-44b3-86ea-0ab529c6538e.jpg', '', 'https://mp.weixin.qq.com/s?__biz=MzI3ODQ4MzIwNg==&mid=2247485456&idx=1&sn=23ca0cb26c704c809e203cd12906db19&chksm=eb571079dc20996fe98fc954e19d5ab43d1161d2aec5297ee866bb48d79f0da39d6f1bd4b9e2&token=1080337831&lang=zh_CN#rd', 0, 0, 0, 0, 0, 0);
INSERT INTO `t_article` VALUES (201, 1, '带你了解TORCH优生优育五项检测', NULL, 1539319628145, '36e7e133-4b30-420a-9226-9bc07b3c8de5.jpg', '', 'https://mp.weixin.qq.com/s?__biz=MzI3ODQ4MzIwNg==&mid=2247485458&idx=1&sn=130c6d911ae69bc7c854a4931a145d9d&chksm=eb57107bdc20996d208164fed221fd0072959dd3357abac2e67c60c033f3793b89f14f38c436&token=1080337831&lang=zh_CN#rd', 0, 0, 0, 0, 0, 0);
INSERT INTO `t_article` VALUES (202, 1, '如何最大程度避免妇科腹腔镜手术中输尿管损伤？', NULL, 1539319659426, 'a468b60c-dfe9-433b-8fcb-5d7d7ecba4a5.jpg', '', 'https://mp.weixin.qq.com/s?__biz=MzI3ODQ4MzIwNg==&mid=2247485476&idx=1&sn=8131e9b3d93f6cd41c2fc61b85e3e6b5&chksm=eb57104ddc20995b35a5dd9700826d73fe683b141a458c1a8a5c91e73603a194f1e0fadac8ba&token=1080337831&lang=zh_CN#rd', 0, 0, 0, 0, 0, 0);
INSERT INTO `t_article` VALUES (203, 1, '子宫内膜增生不要怕，教你如何治疗！', NULL, 1539319719905, 'a45ea846-1cb9-4f24-bb9c-3fca2ea14f75.jpg', '', 'https://mp.weixin.qq.com/s?__biz=MzI3ODQ4MzIwNg==&mid=2247485487&idx=1&sn=99e43d4055756e6c8acb0e76a8241fab&chksm=eb571046dc2099509882e2f9d2c114a0b9c2a1a45133b098145d84380ade8c24e264ed9695be&token=1080337831&lang=zh_CN#rd', 0, 0, 0, 0, 0, 0);
INSERT INTO `t_article` VALUES (204, 1, '妇产科手术后盆腹腔粘连如何预防？', NULL, 1539319783167, 'de2b3a5e-0df2-4309-9747-17259004ce78.jpg', '', 'https://mp.weixin.qq.com/s?__biz=MzI3ODQ4MzIwNg==&mid=2247485502&idx=1&sn=197eb1c96262e177bfd6d2857212c400&chksm=eb571057dc209941d073920134d9c6d5d3180353cc84ee7687dbf9eed31ad6f2f9fc20b4b419&token=1080337831&lang=zh_CN#rd', 0, 0, 0, 0, 0, 0);
INSERT INTO `t_article` VALUES (205, 1, '孕妇、老人等特殊人群感冒用药如何选择？', NULL, 1539319798042, '4831e233-fbf2-450f-b9cd-03af7a5d7ee0.jpg', '', 'https://mp.weixin.qq.com/s?__biz=MzI3ODQ4MzIwNg==&mid=2247485517&idx=1&sn=a4411e4f34a8311a25063c7594c63d5b&chksm=eb571024dc209932bab347d5039f9b753c826a623130dff69c76161d77b95c81fe8aa54c6b00&token=1080337831&lang=zh_CN#rd', 0, 0, 0, 0, 0, 0);
INSERT INTO `t_article` VALUES (206, 1, '儿童流感治疗方案', NULL, 1539319841063, 'b20ba9f8-6080-45e5-8a5d-14687a9d1247.jpg', '', 'https://mp.weixin.qq.com/s?__biz=MzI3ODQ4MzIwNg==&mid=2247485548&idx=1&sn=582ccb40387ebb320222c6557b56b67b&chksm=eb571005dc209913ea4b83675d74c5d38f92c40604e9d6c0e0f8205b595678c75abf8d3e6380&token=1080337831&lang=zh_CN#rd', 0, 0, 0, 0, 0, 0);
INSERT INTO `t_article` VALUES (207, 1, '生完孩子感觉很压抑，是产后抑郁吗？', NULL, 1539319881960, 'f531c9f3-29b7-4d4f-9c08-0e88fed22c3d.jpg', '', 'https://mp.weixin.qq.com/s?__biz=MzI3ODQ4MzIwNg==&mid=2247485555&idx=1&sn=a8f11ee77065860a0af4a3f03e02bc3f&chksm=eb57101adc20990c8bd8efcb5ba906681eed0b67e1d6978695a9016f6bfce1453960cefcc08c&token=1080337831&lang=zh_CN#rd', 0, 0, 0, 0, 0, 0);
INSERT INTO `t_article` VALUES (208, 1, '促排卵药物全掌握（干货）', NULL, 1539319894951, 'a28d4829-afe7-4962-b802-1dec4593d9ce.jpg', '', 'https://mp.weixin.qq.com/s?__biz=MzI3ODQ4MzIwNg==&mid=2247485590&idx=1&sn=b5efde64edd03220017c49ad2957d9f1&chksm=eb5710ffdc2099e95dbf520cfcb1c379185690a329ecd7e7b138834cbf8f3ed2b5293f84ac82&token=1080337831&lang=zh_CN#rd', 0, 0, 0, 0, 0, 0);
INSERT INTO `t_article` VALUES (209, 1, '唐氏筛查', NULL, 1539319919103, 'b8be63ea-4a49-4140-8c16-beec59545571.jpg', '', 'https://mp.weixin.qq.com/s?__biz=MzI3ODQ4MzIwNg==&mid=2247485596&idx=1&sn=73045a76663859a541bbfe3f2ca346cf&chksm=eb5710f5dc2099e32ec79d678975a76208bb180a11fbb3ca07225a8427e063628c7364cbff4c&token=1080337831&lang=zh_CN#rd', 0, 0, 0, 0, 0, 0);
INSERT INTO `t_article` VALUES (210, 1, '盆腔器官脱垂手术术式如何选择？', NULL, 1539319976442, '752cb3d0-de76-426f-8a07-d9bdfe467096.jpg', '', 'https://mp.weixin.qq.com/s?__biz=MzI3ODQ4MzIwNg==&mid=2247485598&idx=1&sn=9d1f0c4eae206581bb602b1d3893e8bc&chksm=eb5710f7dc2099e1ca1f5e5a50f10c678cf7ae190be85dd84a19a971ad8050665eef4b5b6c64&token=1080337831&lang=zh_CN#rd', 0, 0, 0, 0, 0, 0);
INSERT INTO `t_article` VALUES (211, 1, '双胎妊娠早产、分娩8个问题！', NULL, 1539319996799, '20c316cc-6d5b-461c-ad63-855869b2b6e8.jpg', '', 'https://mp.weixin.qq.com/s?__biz=MzI3ODQ4MzIwNg==&mid=2247485599&idx=1&sn=e37cc7615dbea96ce446a8c15058a3f6&chksm=eb5710f6dc2099e0aa54c62090b93e6d395b693b12511045367358dc8484b62667cc324f3f33&token=1080337831&lang=zh_CN#rd', 0, 0, 0, 0, 0, 0);
INSERT INTO `t_article` VALUES (212, 1, '为什么女性更容易贫血？', NULL, 1539320027917, 'f2299f3d-d84e-4346-af7a-4d794d137af9.jpg', '', 'https://mp.weixin.qq.com/s?__biz=MzI3ODQ4MzIwNg==&mid=2247485600&idx=1&sn=4e320f6e74a329fd76bab03327841823&chksm=eb5710c9dc2099df8ffce854f2b8308562596f918e8b62ebf6380a3391c565440970044cf695&token=1080337831&lang=zh_CN#rd', 0, 0, 0, 0, 0, 0);
INSERT INTO `t_article` VALUES (213, 1, '选择最适合自己的避孕方式', NULL, 1539320087541, '18450bcc-32fe-4433-9d41-1c6f4c14d85c.jpg', '', 'https://mp.weixin.qq.com/s?__biz=MzI3ODQ4MzIwNg==&mid=2247485601&idx=1&sn=523e1c52e2a68209978a5b08761918a3&chksm=eb5710c8dc2099ded1d9d3221c57bde6a9f9bd65fd09a52ca61dd617861d0564b09643e72475&token=1080337831&lang=zh_CN#rd', 0, 0, 0, 0, 0, 0);
INSERT INTO `t_article` VALUES (214, 1, '孕期腹痛，这是怎么了？', NULL, 1539320108772, '848df690-8ee1-4d2a-b54f-02e6d3065157.jpg', '', 'https://mp.weixin.qq.com/s?__biz=MzI3ODQ4MzIwNg==&mid=2247485610&idx=1&sn=fa4c5f2fe7ecd8dd250e0f0bec387185&chksm=eb5710c3dc2099d5cda93ca87cf436ab8204281f22aea5223e95fe6e00970d0b204158ac2a92&token=1080337831&lang=zh_CN#rd', 0, 0, 0, 0, 0, 0);
INSERT INTO `t_article` VALUES (215, 1, '纵观中国宫颈癌20年历程！', NULL, 1539320167979, '650b3a16-afaf-4734-95be-6af1d0876690.jpg', '', 'https://mp.weixin.qq.com/s?__biz=MzI3ODQ4MzIwNg==&mid=2247485631&idx=1&sn=6ba668293a8b8e02f47bc4abed04c094&chksm=eb5710d6dc2099c088035aba7e15fa6e956355967f6849f1372d7fbb62310b20a2a36383abc0&token=1080337831&lang=zh_CN#rd', 0, 0, 0, 0, 0, 0);
INSERT INTO `t_article` VALUES (216, 2, '快速识别、治疗儿童泌尿道感染', NULL, 1539331728725, '884ece97-10d0-4cd5-b65b-d780e5c06057.jpg', '', 'https://mp.weixin.qq.com/s?__biz=MzI3ODQ4MzIwNg==&mid=2247485632&idx=1&sn=e03965b11ad655e55614556a3cd3cad2&chksm=eb5710a9dc2099bfda33215002c5934ebafd3148cf7fa91fe50d71a261e616d442e19f0d824e&token=1080337831&lang=zh_CN#rd', 0, 0, 0, 0, 0, 0);
INSERT INTO `t_article` VALUES (217, 1, '为什么会发生死胎？', NULL, 1539331779133, 'affc87ac-5d6e-4bbf-b781-216867cc6bd4.jpg', '', 'https://mp.weixin.qq.com/s?__biz=MzI3ODQ4MzIwNg==&mid=2247485647&idx=1&sn=2d88364afa3689966b28d2bf4718d7f3&chksm=eb5710a6dc2099b0be8dcd26195e3a1f1cc37747efd3c9923bbd4630e76e01822ff7df44134a&token=1080337831&lang=zh_CN#rd', 0, 0, 0, 0, 0, 0);
INSERT INTO `t_article` VALUES (218, 1, '一图了解莫西沙星治疗需氧菌性阴道炎疗效', NULL, 1539331799200, 'a6bddf3d-2dc5-41df-8f58-e679b0106e1a.jpg', '', 'https://mp.weixin.qq.com/s?__biz=MzI3ODQ4MzIwNg==&mid=2247485649&idx=1&sn=1479564219e06d541b830f17b6ced19b&chksm=eb5710b8dc2099aef4db2fa6f41c11dd902d713942df13faa13dce23b30a4efec59918d752a6&token=1080337831&lang=zh_CN#rd', 0, 0, 0, 0, 0, 0);
INSERT INTO `t_article` VALUES (219, 1, '为什么子宫肌瘤找到你！', NULL, 1539331817348, 'ef58de4d-d6fc-41ad-a70a-6f466fdbc313.jpg', '', 'https://mp.weixin.qq.com/s?__biz=MzI3ODQ4MzIwNg==&mid=2247485650&idx=1&sn=309c39e78af21b5e08983e083aebbd5a&chksm=eb5710bbdc2099ade1a1b512d656683208d921d4a7ba31af5f349a66cef609fb6335c67572c5&token=1080337831&lang=zh_CN#rd', 0, 0, 0, 0, 0, 0);
INSERT INTO `t_article` VALUES (220, 1, '子宫肌瘤怎样选择手术方式？', NULL, 1539331834159, '6c072145-5196-472e-a786-d5e01d264d5b.jpg', '', 'https://mp.weixin.qq.com/s?__biz=MzI3ODQ4MzIwNg==&mid=2247485656&idx=1&sn=4be3dfbd551aa6a2d6705d942784a019&chksm=eb5710b1dc2099a7bccae8930eb8ce14604827ecc94691d88b9909035aa7720c8bc74ab8bb0c&token=1080337831&lang=zh_CN#rd', 0, 0, 0, 0, 0, 0);
INSERT INTO `t_article` VALUES (221, 1, '妊娠VS子宫肌瘤', NULL, 1539331892739, '4a97ff0d-1d1d-4567-8fac-790caad6e73b.jpg', '', 'https://mp.weixin.qq.com/s?__biz=MzI3ODQ4MzIwNg==&mid=2247485673&idx=1&sn=a332a98afe921479dc6b7e9e16fb1904&chksm=eb571080dc209996bfb2eb0b871cd93d10b0abcbf0681bc30cdc743761e7fde6fe1ba9458510&token=1080337831&lang=zh_CN#rd', 0, 0, 0, 0, 0, 0);
INSERT INTO `t_article` VALUES (222, 1, '什么药物可以治疗子宫肌瘤？', NULL, 1539332029910, 'b2217265-ece1-4055-bcab-46d308109f0a.jpg', '', 'https://mp.weixin.qq.com/s?__biz=MzI3ODQ4MzIwNg==&mid=2247485684&idx=1&sn=0d7487c68fff5ede826b8541cf88b087&chksm=eb57109ddc20998ba2e79ea96cecc6506feed18eb861cf9a4137fa183384efe6b95f2f99dff1&token=1080337831&lang=zh_CN#rd', 0, 0, 0, 0, 0, 0);
INSERT INTO `t_article` VALUES (223, 1, '一图读懂卵巢癌淋巴结是否应该切除？', NULL, 1539332056381, 'f5481f9c-d49e-4c7a-b9ae-f1a2d68fa0a5.jpg', '', 'https://mp.weixin.qq.com/s?__biz=MzI3ODQ4MzIwNg==&mid=2247485707&idx=1&sn=e1cb14063fb5c133e0efd49d5ab15c04&chksm=eb571162dc20987401379644eade3697281e2d10f29f62b709ae247eed271a60ef1b138e5f8e&token=1080337831&lang=zh_CN#rd', 0, 0, 0, 0, 0, 0);
INSERT INTO `t_article` VALUES (224, 1, '为什么每次月经周期乳腺就会疼痛？', NULL, 1539332094029, '77222762-a744-44b4-85d3-7035a81baa5d.jpg', '', 'https://mp.weixin.qq.com/s?__biz=MzI3ODQ4MzIwNg==&mid=2247485714&idx=1&sn=c3a3ea1dee8dacc7010d216a6d773d5c&chksm=eb57117bdc20986d2afafbf85a4c46eb4a1fbce0a70b28c2343f6ef43595b3fa4dbaabb345c2&token=1080337831&lang=zh_CN#rd', 0, 0, 0, 0, 0, 0);
INSERT INTO `t_article` VALUES (225, 1, '抑制早产却对胎儿有影响？', NULL, 1539332200879, '98b8eb24-b56b-463e-8c90-7c3fe9165718.jpg', '', 'https://mp.weixin.qq.com/s?__biz=MzI3ODQ4MzIwNg==&mid=2247485715&idx=1&sn=c8c64eee9fc125e4a75d6f376683c7bc&chksm=eb57117adc20986cd634aa21d792d80cd0405fb5f8f51833d55ede66f86f9b240abfd4a6ae88&token=1080337831&lang=zh_CN#rd', 0, 0, 0, 0, 0, 0);
INSERT INTO `t_article` VALUES (226, 1, '0-6月婴儿喂养重点', NULL, 1539332254351, 'f902f3b6-c9ec-4114-aec7-edc2c73506c2.jpg', '', 'https://mp.weixin.qq.com/s?__biz=MzI3ODQ4MzIwNg==&mid=2247485735&idx=1&sn=cdec578d621d8fc84a3980f79c216347&chksm=eb57114edc2098586b573fd65b995f1e361ee1023004c9bd6440d3bd5dba0963e326a81879e0&token=1080337831&lang=zh_CN#rd', 0, 0, 0, 0, 0, 0);
INSERT INTO `t_article` VALUES (227, 1, '如何快速诊断早期异位妊娠', NULL, 1539332271183, '36362ed4-6166-45f9-9f06-1acb1e20e25e.jpg', '', 'https://mp.weixin.qq.com/s?__biz=MzI3ODQ4MzIwNg==&mid=2247485737&idx=1&sn=e9f15db26c078b723ccdb03746241104&chksm=eb571140dc2098561b34b334fcccfe8cd5d341cd8d7617f1eba8f7de864d300589ff52873b6b&token=1080337831&lang=zh_CN#rd', 0, 0, 0, 0, 0, 0);
INSERT INTO `t_article` VALUES (228, 1, '不同身体如何科学补充叶酸？', NULL, 1539332321747, 'e8069408-fb9a-4416-bd68-e46a8097bc2e.jpg', '', 'https://mp.weixin.qq.com/s?__biz=MzI3ODQ4MzIwNg==&mid=2247485747&idx=1&sn=048848dccb69fea6993c1a259d30e4bf&chksm=eb57115adc20984c6a5b679b0a4e954198c37fc37e1b381fe7cad42c0cff6ea1b5ed647b10ff&token=1080337831&lang=zh_CN#rd', 0, 0, 0, 0, 0, 0);
INSERT INTO `t_article` VALUES (229, 1, '孕妇便秘怎么办？', NULL, 1539332349847, 'c57f45ea-130d-4169-ae51-472f5bfcf888.jpg', '', 'https://mp.weixin.qq.com/s?__biz=MzI3ODQ4MzIwNg==&mid=2247485759&idx=1&sn=a1f1cd4671f85d3f27a0ba00a2c72a03&chksm=eb571156dc209840476c37cb275ed76f09f1d0524e081912b6738f455ad869497f7dbd09b970&token=1080337831&lang=zh_CN#rd', 0, 0, 0, 0, 0, 0);
INSERT INTO `t_article` VALUES (230, 1, '更年期性激素治疗到底有什么用？', NULL, 1539332377401, 'e3a8c9ca-98c8-4cf6-a29f-455cfbbb387d.jpg', '', 'https://mp.weixin.qq.com/s?__biz=MzI3ODQ4MzIwNg==&mid=2247485787&idx=1&sn=e26661f12d281ea428a3ef3bf3de3e2d&chksm=eb571132dc209824640bc2da551b8f23bdd0c366560d5637c3f26eb1391ed6dd414869a1e5e7&token=1080337831&lang=zh_CN#rd', 0, 0, 0, 0, 0, 0);
INSERT INTO `t_article` VALUES (231, 1, '瘢痕子宫再次妊娠阴道分娩相关风险因素', NULL, 1539332449801, 'b4186a30-7520-4312-9bb3-45438a492f6b.jpg', '', 'https://mp.weixin.qq.com/s?__biz=MzI3ODQ4MzIwNg==&mid=2247485789&idx=1&sn=9b60b021b12e43f8be90ee435b0a3fa4&chksm=eb571134dc2098227a4a62cbe5e033c8c7416edf6a5cbf81a5051c1f22b0f8af8d1da799b7c7&token=1080337831&lang=zh_CN#rd', 0, 0, 0, 0, 0, 0);
INSERT INTO `t_article` VALUES (232, 1, '妊娠期深静脉血栓', NULL, 1539332478045, '3d77498f-6357-40ee-9213-73aeb729641e.jpg', '', 'https://mp.weixin.qq.com/s?__biz=MzI3ODQ4MzIwNg==&mid=2247485801&idx=1&sn=f41d662c666beee80402d71b15897deb&chksm=eb571100dc209816d231f1bafa75bbefd476dd5bf34ee7f54ba64556e0cb65ec84dcb6a1bbbf&token=1080337831&lang=zh_CN#rd', 0, 0, 0, 0, 0, 0);
INSERT INTO `t_article` VALUES (233, 1, '多囊卵巢综合征如何确诊（最新）', NULL, 1539332721948, '96333e4c-245a-4f2c-9903-b9fc3dd7dc37.jpg', '', 'https://mp.weixin.qq.com/s?__biz=MzI3ODQ4MzIwNg==&mid=2247485829&idx=1&sn=60ed13de2c7551be9b32cc760ddf3058&chksm=eb5711ecdc2098fac55f8dd7d4e4f9cf1783dac2dba89e64eb34f12fb70baa75df79c4350995&token=1080337831&lang=zh_CN#rd', 0, 0, 0, 0, 0, 0);
INSERT INTO `t_article` VALUES (234, 1, '多囊卵巢综合征如何治疗（最新）', NULL, 1539332805999, '1a0b6337-4983-4726-bbdc-ba72f56e060e.jpg', '', 'https://mp.weixin.qq.com/s?__biz=MzI3ODQ4MzIwNg==&mid=2247485835&idx=1&sn=5fd364de9892dc61f55157033919ea99&chksm=eb5711e2dc2098f48a7851fbf57726e6c67efe2baab46e6cffb1f0b4a4a3f750292b45acb040&token=1080337831&lang=zh_CN#rd', 0, 0, 0, 0, 0, 0);
INSERT INTO `t_article` VALUES (235, 2, '怎样才能让 近视远离我的孩子？', NULL, 1539332824899, '1610691f-0ad3-4a44-b97f-ad49b8f73396.jpg', '', 'https://mp.weixin.qq.com/s?__biz=MzI3ODQ4MzIwNg==&mid=2247485840&idx=1&sn=6793a625447fecf8e958b10895c8f081&chksm=eb5711f9dc2098efc9a782fd93f1d43c397281126a5c7621f46ab4583983b532e576022555f4&token=1080337831&lang=zh_CN#rd', 0, 0, 0, 0, 0, 0);
INSERT INTO `t_article` VALUES (236, 1, '宫腔镜对子宫内膜癌诊治 有什么帮助？', NULL, 1539332847374, '07efec57-5b8e-4e58-a011-4f42c5904a82.jpg', '', 'https://mp.weixin.qq.com/s?__biz=MzI3ODQ4MzIwNg==&mid=2247485881&idx=1&sn=3660bf8e9509c1716b4df0ec1a0b0d71&chksm=eb5711d0dc2098c6c968908688762de8bc609b846a78416d16fed32411bba1ebdf0a52e9c1c4&token=1080337831&lang=zh_CN#rd', 0, 0, 0, 0, 0, 0);
INSERT INTO `t_article` VALUES (237, 1, '高龄孕产妇产前筛查、妊娠期风险', NULL, 1539332883132, '81fcf5f0-4eab-46e4-9c5a-bad8b186f3b8.jpg', '', 'https://mp.weixin.qq.com/s?__biz=MzI3ODQ4MzIwNg==&mid=2247485904&idx=1&sn=87854af428ba0a12a6abfa36f893c164&chksm=eb5711b9dc2098af6ee0e29a36f20b452ff4e07f69c203c9ab0f2f05ea042f238aab4a27bfc8&token=1080337831&lang=zh_CN#rd', 0, 0, 0, 0, 0, 0);
INSERT INTO `t_article` VALUES (238, 1, '妊娠期高血压不同病情的处理方法', NULL, 1539332955714, '75929d0a-ae82-4b9e-a6b1-43b3df055489.jpg', '', 'https://mp.weixin.qq.com/s?__biz=MzI3ODQ4MzIwNg==&mid=2247485906&idx=1&sn=63ad14cb92d1bac06a7e4c2483c55c85&chksm=eb5711bbdc2098adf07ea8704d1aa9e60df289ecb79d8f8f79709ab61d88cd6c434c3e7d613d&token=1080337831&lang=zh_CN#rd', 0, 0, 0, 0, 0, 0);
INSERT INTO `t_article` VALUES (239, 1, '手把手教你鉴别是否乳腺增生', NULL, 1539332978219, 'c4ca0e9f-7f44-40aa-aa55-ff780963bbea.jpg', '', 'https://mp.weixin.qq.com/s?__biz=MzI3ODQ4MzIwNg==&mid=2247485920&idx=1&sn=c4e8675ecafbe47d4d4530691a622b4a&chksm=eb571189dc20989fee2a70a9809f04f34f02b84934ec72ff2564e9dc4760dffd5de0386300bc&token=1080337831&lang=zh_CN#rd', 0, 0, 0, 0, 0, 0);
INSERT INTO `t_article` VALUES (240, 1, '异位妊娠的常见5大原因', NULL, 1539333004111, 'e9a4b94a-ee44-4577-a671-f67ae075212c.jpg', '', 'https://mp.weixin.qq.com/s?__biz=MzI3ODQ4MzIwNg==&mid=2247485932&idx=1&sn=2295ec6f6c174b59ccfe79d2c328ca29&chksm=eb571185dc209893ebefa12aa8a28de88083a28d0ecdf5766fff44e6256514395a2cb3e06d2c&token=1080337831&lang=zh_CN#rd', 0, 0, 0, 0, 0, 0);
INSERT INTO `t_article` VALUES (241, 1, '这些可以预测早产', NULL, 1539333035513, 'd5f914de-ed6d-4045-8d0e-24e3c41b5669.jpg', '', 'https://mp.weixin.qq.com/s?__biz=MzI3ODQ4MzIwNg==&mid=2247485943&idx=1&sn=db273d08eff3404f327746f0acb92cbd&chksm=eb57119edc2098884f3be7e72090bc62ee4782b8387b935b6bd6ec29976148b1146df05ff7bf&token=1080337831&lang=zh_CN#rd', 0, 0, 0, 0, 0, 0);
INSERT INTO `t_article` VALUES (242, 1, '带你轻松度过更年期', NULL, 1539333081566, '863595b3-ac7d-4834-99d4-ccdabe6467a4.jpg', '', 'https://mp.weixin.qq.com/s?__biz=MzI3ODQ4MzIwNg==&mid=2247485954&idx=1&sn=25ad782f68fb9b0354810a5509f70116&chksm=eb57126bdc209b7dad57872e0d82132eb573f48d3b5b6eae83f1f9434300544e4acaf0240ccf&token=1080337831&lang=zh_CN#rd', 0, 0, 0, 0, 0, 0);
INSERT INTO `t_article` VALUES (243, 1, '跟着指南学，儿童辅食添加', NULL, 1539333100697, '16e98146-7f5c-494c-8516-374e49ed6962.jpg', '', 'https://mp.weixin.qq.com/s?__biz=MzI3ODQ4MzIwNg==&mid=2247485969&idx=1&sn=9a969aefca37340851ad7f5afce2348d&chksm=eb571278dc209b6ee375ac30044f9a5b8aa811c0f686aebd977a46833fa38affdf1cab00b7f6&token=1080337831&lang=zh_CN#rd', 0, 0, 0, 0, 0, 0);
INSERT INTO `t_article` VALUES (244, 1, '3分钟了解生殖道感染VS早产', NULL, 1539333135566, '1c4d772b-4e6e-4e1c-ae66-bbbb21bfd3d1.jpg', '', 'https://mp.weixin.qq.com/s?__biz=MzI3ODQ4MzIwNg==&mid=2247485991&idx=1&sn=3cd44c4e0cfc94e00ce0975c01a3492c&chksm=eb57124edc209b58173554a78564a849514fa0c4c0b74dfabdf68edd362954baa17c0d85314a&token=1080337831&lang=zh_CN#rd', 0, 0, 0, 0, 0, 0);
INSERT INTO `t_article` VALUES (245, 1, '出现哪些情况要注意手足口病', NULL, 1539333229874, '5433c4ba-0340-49c4-9207-b8e8cbce86f1.jpg', '', 'https://mp.weixin.qq.com/s?__biz=MzI3ODQ4MzIwNg==&mid=2247486000&idx=1&sn=275ef6c1c72280cd32ba66e678b86787&chksm=eb571259dc209b4fd682d35fec4d4382f5743c6a610a375723cc2f1bb1be9cb535cc596e1514&token=1080337831&lang=zh_CN#rd', 0, 0, 0, 0, 0, 0);
INSERT INTO `t_article` VALUES (246, 1, '初识子宫肌瘤', NULL, 1539333249678, 'd21c09e9-7a76-4bd1-af2a-1c33799168b0.jpg', '', 'https://mp.weixin.qq.com/s?__biz=MzI3ODQ4MzIwNg==&mid=2247486001&idx=1&sn=c24594ed7b4917ff46e57dbef6c3ebd9&chksm=eb571258dc209b4ea5e345fdf4fa61b55bb1298ebec67adb46fa2e9e9da8e5d676893923dd43&token=1080337831&lang=zh_CN#rd', 0, 0, 0, 0, 0, 0);
INSERT INTO `t_article` VALUES (247, 1, '死胎前5位高危因素', NULL, 1539333315001, '491213b1-9c16-465f-9276-f14353217955.jpg', '', 'https://mp.weixin.qq.com/s?__biz=MzI3ODQ4MzIwNg==&mid=2247486011&idx=1&sn=a500f6dbc7d4aade3958736268418442&chksm=eb571252dc209b4467dae7554112ba0504ba90fc63889d7f1d4c5ed24dd476ce9fdccf265a83&token=1080337831&lang=zh_CN#rd', 0, 0, 0, 0, 0, 0);
INSERT INTO `t_article` VALUES (248, 1, '什么人需要进行子宫内膜癌筛查？', NULL, 1539333325321, '587e0d3b-375d-4092-bd58-87fa761cf984.jpg', '', 'https://mp.weixin.qq.com/s?__biz=MzI3ODQ4MzIwNg==&mid=2247486022&idx=1&sn=31c6d11d06aa8d87c0cc2da306623c0e&chksm=eb57122fdc209b393a418d2aa690a1731db55a06b9f3d474602b7e1470df80ce4a75f67cd959&token=1080337831&lang=zh_CN#rd', 0, 0, 0, 0, 0, 0);
INSERT INTO `t_article` VALUES (249, 1, '预防双胎早产的手段大盘点', NULL, 1539333357715, 'ac8428e3-046c-45a1-b40d-4ee3115e188d.jpg', '', 'https://mp.weixin.qq.com/s?__biz=MzI3ODQ4MzIwNg==&mid=2247486032&idx=1&sn=7c4605c031b000a4851dac58a2169fca&chksm=eb571239dc209b2f49bc381bd8c4257b89f767cd9069eeaa62253b7af015f96c59b4838580a5&token=1080337831&lang=zh_CN#rd', 0, 0, 0, 0, 0, 0);
INSERT INTO `t_article` VALUES (250, 1, '当怀孕撞上子宫肌瘤', NULL, 1539333478125, '804c6ab1-1d79-4f09-8fb3-fcb00e565deb.jpg', '', 'https://mp.weixin.qq.com/s?__biz=MzI3ODQ4MzIwNg==&mid=2247486045&idx=1&sn=98c5038641953b5c140f2c7221415e87&chksm=eb571234dc209b22647f3582b78734ad71f83d3625117672b764ab085d434b69c75543f124c5&token=1080337831&lang=zh_CN#rd', 0, 0, 0, 0, 0, 0);
INSERT INTO `t_article` VALUES (251, 1, '5种子宫畸形处理办法', NULL, 1539333591468, '5c08846e-27f9-4a31-9011-07725cefe7f4.jpg', '', 'https://mp.weixin.qq.com/s?__biz=MzI3ODQ4MzIwNg==&mid=2247486055&idx=1&sn=eceeeeedf3f94b1a2bbe256982da2a77&chksm=eb57120edc209b18b04d592b21cce7f7e038c8123466acf0bc46e68d44bedec32761da65ab1b&token=1080337831&lang=zh_CN#rd', 0, 0, 0, 0, 0, 0);
INSERT INTO `t_article` VALUES (252, 1, '解读2018ACOG输卵管妊娠（药物治疗）', NULL, 1539333641248, '8882c0db-9e18-41a3-b011-3971a861a315.jpg', '', 'https://mp.weixin.qq.com/s?__biz=MzI3ODQ4MzIwNg==&mid=2247486065&idx=1&sn=ceb372b58ed7228be21c4b90fbb37216&chksm=eb571218dc209b0ec62149591b29387e142e136cd097ede7809cf62539d50d39ab9ac44b365c&token=1080337831&lang=zh_CN#rd', 0, 0, 0, 0, 0, 0);
INSERT INTO `t_article` VALUES (253, 1, '解读2018ACOG输卵管妊娠（手术、期待治疗）', NULL, 1539333726407, '61d33397-5ba0-4220-8f65-bdcc1a6b1471.jpg', '', 'https://mp.weixin.qq.com/s?__biz=MzI3ODQ4MzIwNg==&mid=2247486075&idx=1&sn=de1ee74bb98779e27bc6ea098d0d7ff4&chksm=eb571212dc209b04d60438ccac82a9f3766db2250da9de932cf185878ff65fed8b87a31beca7&token=1080337831&lang=zh_CN#rd', 0, 0, 0, 0, 0, 0);
INSERT INTO `t_article` VALUES (254, 1, '母乳喂养的益处', NULL, 1539334150687, '7fd35d34-4413-4188-aad1-5f3b8fa03d4e.jpg', '', 'https://mp.weixin.qq.com/s?__biz=MzI3ODQ4MzIwNg==&mid=2247486085&idx=1&sn=acb1e7919869519fe757e76948cbcb55&chksm=eb5712ecdc209bfa4db5abcb12427be7474328e32b94dd463029c3c23092fe3f4da8d54fbf59&token=1080337831&lang=zh_CN#rd', 0, 0, 0, 0, 0, 0);
INSERT INTO `t_article` VALUES (255, 1, '紧急避孕措施大盘点', NULL, 1539334169737, 'e95f044d-a52a-4dae-90f1-ad20609be3f7.jpg', '', 'https://mp.weixin.qq.com/s?__biz=MzI3ODQ4MzIwNg==&mid=2247486095&idx=1&sn=010b423e8362d8f45a9d55a6280b27f6&chksm=eb5712e6dc209bf09df49f874a8e10f74f274fd15c00cc3462fa54404687113ce2f32911f55c&token=1080337831&lang=zh_CN#rd', 0, 0, 0, 0, 0, 0);
INSERT INTO `t_article` VALUES (256, 1, '识别、缓解产后抑郁', NULL, 1539334188583, 'cb0fe2af-8d3c-49a0-a56d-3d105097567f.jpg', '', 'https://mp.weixin.qq.com/s?__biz=MzI3ODQ4MzIwNg==&mid=2247486104&idx=1&sn=68393b1325df4660c6230e475f3eb2f2&chksm=eb5712f1dc209be768f2132e48a5d45439313266c8123e086a3f9eeaad5d256c5a241de5b77e&token=1080337831&lang=zh_CN#rd', 0, 0, 0, 0, 0, 0);
INSERT INTO `t_article` VALUES (257, 1, '女性不同年龄应该做哪些检查？', NULL, 1539334275753, '186c9547-1af6-41f0-9c3f-24816c8326e6.jpg', '', 'https://mp.weixin.qq.com/s?__biz=MzI3ODQ4MzIwNg==&mid=2247486133&idx=1&sn=e39273a88bbb1ba181570a3518598b6f&chksm=eb5712dcdc209bcaba13cccb80b39110fe7355053ef21dba2242e93333e2fad0d7aa5ea00e69&token=1080337831&lang=zh_CN#rd', 0, 0, 0, 0, 0, 0);
INSERT INTO `t_article` VALUES (258, 1, '关于HPV7个常见问题', NULL, 1539334307758, '1cf76410-f5cb-4917-96e3-abc91fa23a19.jpg', '', 'https://mp.weixin.qq.com/s?__biz=MzI3ODQ4MzIwNg==&mid=2247486153&idx=1&sn=9923a6c426409d59aa909ed8006b4d3f&chksm=eb5712a0dc209bb64d1d901c3eaf0eab801fc7f88f903064ff990e5bebdaf1499e7f83dd9130&token=1080337831&lang=zh_CN#rd', 0, 0, 0, 0, 0, 0);
INSERT INTO `t_article` VALUES (259, 1, '哪些因素容易导致子宫内膜异位症恶变', NULL, 1539334357188, '5999be5d-457b-4401-91f1-32a155d52efd.jpg', '', 'https://mp.weixin.qq.com/s?__biz=MzI3ODQ4MzIwNg==&mid=2247486165&idx=1&sn=b35c3f73a372f581bc6413eb823be00e&chksm=eb5712bcdc209baa5c8443fa7942ecc0d10c9f65461c048822e559c81afdcf9224e9c22761ad&token=1080337831&lang=zh_CN#rd', 0, 0, 0, 0, 0, 0);
INSERT INTO `t_article` VALUES (260, 1, '母乳喂养中常见的那些问题', NULL, 1539334861869, '2aa04b15-ac6f-49c6-a34c-6495770b6143.jpg', '', 'https://mp.weixin.qq.com/s?__biz=MzI3ODQ4MzIwNg==&mid=2247486171&idx=1&sn=bdb6360b227e28615c9713e0dbe5d40b&chksm=eb5712b2dc209ba481c97a94a40f80737fe31815e0a959beefbb86bed0653d752821a6603fb7&token=1080337831&lang=zh_CN#rd', 0, 0, 0, 0, 0, 0);
INSERT INTO `t_article` VALUES (261, 1, '做好这些，避免婴儿出生缺陷', NULL, 1539335087910, 'c702c719-1ac8-44cb-98fd-6622c50eee24.jpg', '', 'https://mp.weixin.qq.com/s?__biz=MzI3ODQ4MzIwNg==&mid=2247486186&idx=1&sn=68e3040146793197a2c4f818fbfdf78c&chksm=eb571283dc209b95f89e9b27dbc386a53cc03969392b7d948b73a61e307860087f0c39a44fea&token=1080337831&lang=zh_CN#rd', 0, 0, 0, 0, 0, 0);
INSERT INTO `t_article` VALUES (262, 1, '如何预防乳腺癌？', NULL, 1539335337818, '03a245e0-340a-4aed-b196-9cee583a933e.jpg', '', 'https://mp.weixin.qq.com/s?__biz=MzI3ODQ4MzIwNg==&mid=2247486208&idx=1&sn=4e53fd3fff4227a17d2480f73a9028b7&chksm=eb571369dc209a7f87855eb0a655998d1c83e14662ad7aecef7ee2b653ffda92abf004998fcc&token=1080337831&lang=zh_CN#rd', 0, 0, 0, 0, 0, 0);
INSERT INTO `t_article` VALUES (263, 1, '孕期阴道感染怎么治疗？', NULL, 1539335466055, '0951d037-995a-49bb-ab8b-ef4e93c67e73.jpg', '', 'https://mp.weixin.qq.com/s?__biz=MzI3ODQ4MzIwNg==&mid=2247486214&idx=1&sn=4633986b2bb5f86241479e222e47153c&chksm=eb57136fdc209a79abec961a66dc55628fc1eb233f706225f6767bdcf999999c4910349a89ed&token=1080337831&lang=zh_CN#rd', 0, 0, 0, 0, 0, 0);
INSERT INTO `t_article` VALUES (264, 1, '子痫前期和子痫防治干预措施的建议', NULL, 1539335483033, 'b25effc2-5d6b-4236-9829-4f80ca695aa9.jpg', '', 'https://mp.weixin.qq.com/s?__biz=MzI3ODQ4MzIwNg==&mid=2247486226&idx=1&sn=213cf040a6380f67549cb6f9abfbb1e1&chksm=eb57137bdc209a6dd8e84806618bca681e79b6d576c8c4b2270cf75da1cdffa5f3945ff581ea&token=1080337831&lang=zh_CN#rd', 0, 0, 0, 0, 0, 0);
INSERT INTO `t_article` VALUES (265, 1, '复发性流产8大原因', NULL, 1539335499692, 'c2ef02e1-c7bc-480e-b109-0cdb479d7a63.jpg', '', 'https://mp.weixin.qq.com/s?__biz=MzI3ODQ4MzIwNg==&mid=2247486245&idx=1&sn=26cf43bffc71aa6a734b5ecf6aef9e62&chksm=eb57134cdc209a5a27298ab592c6f454574d6b50707a1938c3b7add0ffcbb0c52a580ac84b8c&token=1080337831&lang=zh_CN#rd', 0, 0, 0, 0, 0, 0);
INSERT INTO `t_article` VALUES (266, 1, '更年期需要避孕吗？', NULL, 1539335520065, '0ffe113a-f97e-4780-829f-2e25a1e176f8.jpg', '', 'https://mp.weixin.qq.com/s?__biz=MzI3ODQ4MzIwNg==&mid=2247486250&idx=1&sn=5ece933c2cc6dbe677522a64002ef329&chksm=eb571343dc209a55afd04c69ce040eeede1b4af42a3b98a4f6821ee738304ea9bb54144185c3&token=1080337831&lang=zh_CN#rd', 0, 0, 0, 0, 0, 0);
INSERT INTO `t_article` VALUES (267, 1, '4种紧急避孕药盘点', NULL, 1539335544028, '4ed44d86-732f-4374-a04a-a33c1b5ef816.jpg', '', 'https://mp.weixin.qq.com/s?__biz=MzI3ODQ4MzIwNg==&mid=2247486268&idx=1&sn=c4acde0a58f899fdd8beb3f21409033b&chksm=eb571355dc209a439917075b40f679ee2206447e740aaf713d31cf9e1dcb4f62f390dc6e2bb4&token=1080337831&lang=zh_CN#rd', 0, 0, 0, 0, 0, 0);
INSERT INTO `t_article` VALUES (268, 1, '剖宫产术子宫切口的缝合', NULL, 1539335817377, 'f2195f55-79a2-4e75-90df-6a47e2d382d4.jpg', '', 'https://mp.weixin.qq.com/s?__biz=MzI3ODQ4MzIwNg==&mid=2247486270&idx=1&sn=c64d7e0c9a06c9f0441c754e383820ac&chksm=eb571357dc209a41dd2733eaf35dfafdbfee3b792ba094901093e09b76b2aed3a30955467db3&token=1080337831&lang=zh_CN#rd', 0, 0, 0, 0, 0, 0);
INSERT INTO `t_article` VALUES (269, 1, '生活中如何预防女性性早熟', NULL, 1539335837665, 'fc29647d-ced4-4a08-945b-35422f53e605.jpg', '', 'https://mp.weixin.qq.com/s?__biz=MzI3ODQ4MzIwNg==&mid=2247486272&idx=1&sn=480630739169f8191fc8c064f8453d12&chksm=eb571329dc209a3f4620682bb09403f25b7b09bc5f96cf3d912ee3014c062815fe1ef22b282a&token=1080337831&lang=zh_CN#rd', 0, 0, 0, 0, 0, 0);
INSERT INTO `t_article` VALUES (270, 1, '早产儿需要什么样的护理？', NULL, 1539335904336, 'a226827b-e2ac-4898-850b-61478446484c.jpg', '', 'https://mp.weixin.qq.com/s?__biz=MzI3ODQ4MzIwNg==&mid=2247486290&idx=1&sn=a36b60fe20f67e01f8859a331d02d5f8&chksm=eb57133bdc209a2d8490ea3f5f8e5b7bd548cf69c858cdf866bb89faa0ca13bc0d161c0f4c59&token=1080337831&lang=zh_CN#rd', 0, 0, 0, 0, 0, 0);
INSERT INTO `t_article` VALUES (271, 1, '手把手教你怎样治疗细菌性阴道病', NULL, 1539335921723, 'f6959700-e608-4672-be09-22294e7930db.jpg', '', 'https://mp.weixin.qq.com/s?__biz=MzI3ODQ4MzIwNg==&mid=2247486320&idx=1&sn=2a2270cea8e6221950bd02977b620f69&chksm=eb571319dc209a0fc935e62950ae49397d7daf927fb99a91018d36ef1b69dc0bbb79b613088f&token=1080337831&lang=zh_CN#rd', 0, 0, 0, 0, 0, 0);
INSERT INTO `t_article` VALUES (272, 1, '喂奶的正确姿势', NULL, 1539335943166, '62be2fd6-b57e-4028-92fc-392d488bfbc0.jpg', '', 'https://mp.weixin.qq.com/s?__biz=MzI3ODQ4MzIwNg==&mid=2247486330&idx=1&sn=e974690f2ab4e97d58f3fec766e46c44&chksm=eb571313dc209a050f204c561afe96cd24dfd0ac84cbdc7da070a9ee350eb8772b55f3e15656&token=1080337831&lang=zh_CN#rd', 0, 0, 0, 0, 0, 0);
INSERT INTO `t_article` VALUES (273, 1, '宫颈癌筛查以及HPV疫苗大事编年记', NULL, 1539336015459, 'a603d971-57ab-4826-ab4d-4bf7496f2b53.jpg', '', 'https://mp.weixin.qq.com/s?__biz=MzI3ODQ4MzIwNg==&mid=2247486336&idx=1&sn=f8b8814fb5f392c9b5afed6efecb86f2&chksm=eb5713e9dc209aff2977499a9b59ff53ecce7d90920deb0bc0fb43d41f418a078d37aca93ecb&token=1080337831&lang=zh_CN#rd', 0, 0, 0, 0, 0, 0);
INSERT INTO `t_article` VALUES (274, 1, '孕期肥胖不是小事！', NULL, 1539336043054, '1a35838b-3eab-4f19-9b01-97b18902db0d.jpg', '', 'https://mp.weixin.qq.com/s?__biz=MzI3ODQ4MzIwNg==&mid=2247486361&idx=1&sn=4f8c828691954262e9efaa2967f36ea3&chksm=eb5713f0dc209ae6c17a48a44b85dfe770e3ed0a5c088a921f85df13ca5fd3127e65b49c2872&token=1080337831&lang=zh_CN#rd', 0, 0, 0, 0, 0, 0);
INSERT INTO `t_article` VALUES (275, 1, '让人痛不欲生的分娩疼痛', NULL, 1539336052353, '6abbe2ed-0fc0-48d1-b788-f52c18519416.jpg', '', 'https://mp.weixin.qq.com/s?__biz=MzI3ODQ4MzIwNg==&mid=2247486380&idx=1&sn=9b6406159603b3b9d27c1c9b978519b5&chksm=eb5713c5dc209ad37b869ecdda9e239c4ff48a9cce29345fc5d83fe32dc47a3d9601b1774213&token=1080337831&lang=zh_CN#rd', 0, 0, 0, 0, 0, 0);
INSERT INTO `t_article` VALUES (276, 1, '妊娠糖尿病看这张图就够了', NULL, 1539336073462, '3efaa387-04c8-4277-a326-9315e5334501.jpg', '', 'https://mp.weixin.qq.com/s?__biz=MzI3ODQ4MzIwNg==&mid=2247486411&idx=1&sn=6163e012dee09c9889eced27723049e8&chksm=eb5713a2dc209ab49f8bc45e81e428a287cc67908c8b7378d5570fa03193f3c37d2973323cd9&token=1080337831&lang=zh_CN#rd', 0, 0, 0, 0, 0, 0);
INSERT INTO `t_article` VALUES (277, 1, '妊娠期高血压降压治疗', NULL, 1539336155124, 'f21fd230-0ae4-4b59-a2fa-ea5d1c1c0db7.jpg', '', 'https://mp.weixin.qq.com/s?__biz=MzI3ODQ4MzIwNg==&mid=2247486450&idx=1&sn=c62c908385e6c8888dcaa86ce5254757&chksm=eb57139bdc209a8de97628a404c1a65ffe8192c96aaf79fca8faa810e6ff73d4aa56cb4d0070&token=1080337831&lang=zh_CN#rd', 0, 0, 0, 0, 0, 0);
INSERT INTO `t_article` VALUES (278, 1, '子宫肌瘤不想做手术，行不行？', NULL, 1539336175904, '5e24b677-04fd-44cf-b3a7-0dd213bf2690.jpg', '', 'https://mp.weixin.qq.com/s?__biz=MzI3ODQ4MzIwNg==&mid=2247486452&idx=1&sn=f0142d427f051d33dac99900c7e451dd&chksm=eb57139ddc209a8bdc07a7a00982b60fc401209d1ccc280326a9406fde921adfbd80cc8d9065&token=1080337831&lang=zh_CN#rd', 0, 0, 0, 0, 0, 0);
INSERT INTO `t_article` VALUES (279, 1, '孕吐不要慌，这些食物可以缓解', NULL, 1539336194534, 'bbdcf1f6-c869-4037-a942-f1959cc6f894.jpg', '', 'https://mp.weixin.qq.com/s?__biz=MzI3ODQ4MzIwNg==&mid=2247486455&idx=1&sn=e1a73b5df14db09caa06b63b1509347a&chksm=eb57139edc209a88f50a67306f876f5cca077c13613edf48266f77c613c7c9902f179d7a66be&token=1080337831&lang=zh_CN#rd', 0, 0, 0, 0, 0, 0);
INSERT INTO `t_article` VALUES (280, 1, '宫腔粘连，这些问题你可能需要知道', NULL, 1539336213201, '109acc4a-c527-4e16-be4b-e0d140b0d1a5.jpg', '', 'https://mp.weixin.qq.com/s?__biz=MzI3ODQ4MzIwNg==&mid=2247486456&idx=1&sn=b5622f1b5501f8126c42ebf31bd44761&chksm=eb571391dc209a874f169a1b07cf7b1dcbeacdc0669db8865df2816effd178bb5b7db941602d&token=1080337831&lang=zh_CN#rd', 0, 0, 0, 0, 0, 0);
INSERT INTO `t_article` VALUES (281, 1, '你真的是产后抑郁吗？', NULL, 1539336251252, '8944be99-ff13-4ff9-9126-64bc77c7bc25.jpg', '', 'https://mp.weixin.qq.com/s?__biz=MzI3ODQ4MzIwNg==&mid=2247486458&idx=1&sn=eb4ca475fcd259217a72cc02bb38d90a&chksm=eb571393dc209a853c436c933cc542338fb9f472fb0b347cf0cf8e65335c6b84117b2e64fbcf&token=1080337831&lang=zh_CN#rd', 0, 0, 0, 0, 0, 0);
INSERT INTO `t_article` VALUES (282, 1, '备孕饮食（铁、碘、叶酸）', NULL, 1539336261416, '20e8b4c1-4fd2-4974-8283-e9fb00269157.jpg', '', 'https://mp.weixin.qq.com/s?__biz=MzI3ODQ4MzIwNg==&mid=2247486459&idx=1&sn=c7c00805fec99e14f3f223919e39fcfe&chksm=eb571392dc209a84a7338dd9e2197f65e8c5f18ac494a929f330f88ecb928d5eb8bda0dfe60f&token=1080337831&lang=zh_CN#rd', 0, 0, 0, 0, 0, 0);
INSERT INTO `t_article` VALUES (283, 1, '妊娠期高血压，做好这些预防心衰', NULL, 1539336287211, 'b342e6a1-6e30-4c43-8479-6d18e15828b0.jpg', '', 'https://mp.weixin.qq.com/s?__biz=MzI3ODQ4MzIwNg==&mid=2247486483&idx=1&sn=1b597b9b4e560bb810bdd378e459a153&chksm=eb57147adc209d6cc0ce652db01d505aef7e0aa4d9f2f9ea5cbc3a2d97c80588cdfe7d17ee72&token=1080337831&lang=zh_CN#rd', 0, 0, 0, 0, 0, 0);
INSERT INTO `t_article` VALUES (284, 1, 'HPV3种疫苗，你了解吗？', NULL, 1539336363039, 'e5d3f682-f411-43a9-bd21-290d75ac5769.jpg', '', 'https://mp.weixin.qq.com/s?__biz=MzI3ODQ4MzIwNg==&mid=2247486486&idx=1&sn=fa726d8b7119222997daca8d1cfe08f8&chksm=eb57147fdc209d69b98b62a2a31280a2cea2ad5f2dbf72e8bcc3d446460e67fa2044fa3b9a93&token=1080337831&lang=zh_CN#rd', 0, 0, 0, 0, 0, 0);
INSERT INTO `t_article` VALUES (285, 1, '怀孕遇到子宫肌瘤，你需要知道这些！', NULL, 1539336387625, 'f8f79bd2-c9b1-41b7-be93-276e5dd9a55e.jpg', '', 'https://mp.weixin.qq.com/s?__biz=MzI3ODQ4MzIwNg==&mid=2247486497&idx=1&sn=cb48d8df4dfbf66e3689b5a055ca9e22&chksm=eb571448dc209d5e93ae9a6c90dac4f86ec8debd7a6eb7583ab2715925a738ee2b4d78880528&token=1080337831&lang=zh_CN#rd', 0, 0, 0, 0, 0, 0);
INSERT INTO `t_article` VALUES (286, 1, '孕期什么运动可以做，什么运动不可以做？', NULL, 1539336407689, '77415b82-3304-4713-9fb2-c56b746b1554.jpg', '', 'https://mp.weixin.qq.com/s?__biz=MzI3ODQ4MzIwNg==&mid=2247486507&idx=1&sn=15701da2fac8c0494a553b542dc6861f&chksm=eb571442dc209d546cbb7393c4a745bd146adaf8e45d9fedb222172aa38207d81b8f9bc8428f&token=1080337831&lang=zh_CN#rd', 0, 0, 0, 0, 0, 0);
INSERT INTO `t_article` VALUES (287, 1, '新手妈妈母乳，这7个问题你得看看！', NULL, 1539336423840, '1d96da80-04f3-46e8-9065-846a8235a08a.jpg', '', 'https://mp.weixin.qq.com/s?__biz=MzI3ODQ4MzIwNg==&mid=2247486517&idx=1&sn=e43cb689c0d82f1bb0f4ae5942f67e5a&chksm=eb57145cdc209d4a7f4958e70beab336b36f6a35bf386e4f2698fd3835ee5b6d9e5883117429&token=1080337831&lang=zh_CN#rd', 0, 0, 0, 0, 0, 0);
INSERT INTO `t_article` VALUES (288, 2, '孩子爱吃零食，专家告诉你如何选择零食', NULL, 1539336448887, '0244145e-a6cb-4c7f-981b-cf0eb97231ab.jpg', '', 'https://mp.weixin.qq.com/s?__biz=MzI3ODQ4MzIwNg==&mid=2247486534&idx=1&sn=c5cf4eb0ab7d6f1dd1be7fa2e17047bc&chksm=eb57142fdc209d393daab802aab6f97f4c6b61c2d869de078e5967888b4cc6b3df40b6d3a626&token=1080337831&lang=zh_CN#rd', 0, 0, 0, 0, 0, 0);
INSERT INTO `t_article` VALUES (289, 1, '精准妇科之精准定位前哨淋巴结', NULL, 1539336492854, '26f81e6d-1556-4f7f-bf1a-82ddeedf8a73.jpg', '', 'https://mp.weixin.qq.com/s?__biz=MzI3ODQ4MzIwNg==&mid=2247486540&idx=1&sn=e5785fe76a5a4f50fb5f100648f6b250&chksm=eb571425dc209d33625fc38f90b89630cfa9e49985ad5d7e424a226c0189bef679d600acd8b8&token=1080337831&lang=zh_CN#rd', 0, 0, 0, 0, 0, 0);
INSERT INTO `t_article` VALUES (290, 1, '生活中有哪些行为可以改善尿失禁', NULL, 1539336551210, '3ac599a5-3d11-4b6d-a125-281d37d6b495.jpg', '', 'https://mp.weixin.qq.com/s?__biz=MzI3ODQ4MzIwNg==&mid=2247486527&idx=1&sn=1379f5a2d28af46e5ac5d9310481a50e&chksm=eb571456dc209d40b53ae429c40592773de64c3cd96c2e8a5dc39064f7a150a75d5850837e95&token=1080337831&lang=zh_CN#rd', 0, 0, 0, 0, 0, 0);
INSERT INTO `t_article` VALUES (291, 1, '做好这些，迎来好孕气', NULL, 1539336568516, '3f073c7a-a4e9-4497-a21a-f5d464dec8a8.jpg', '', 'https://mp.weixin.qq.com/s?__biz=MzI3ODQ4MzIwNg==&mid=2247486545&idx=1&sn=c57d990a5b9d931419c73a4f249e5f22&chksm=eb571438dc209d2e9bdc622cfcd3d0966ce59e732cb301ca732c28b56e2de3b50e52d8a9fd40&token=1080337831&lang=zh_CN#rd', 0, 0, 0, 0, 0, 0);
INSERT INTO `t_article` VALUES (292, 1, '宫外孕偏爱哪些人？', NULL, 1539336587721, '2e55a02a-5d6d-4fee-a5d9-100310a3d9f8.jpg', '', 'https://mp.weixin.qq.com/s?__biz=MzI3ODQ4MzIwNg==&mid=2247486561&idx=1&sn=c7d8d5de111ce9ed61acf1555772fd0a&chksm=eb571408dc209d1eef2905ae19b35f887ea20c68e7bd7438faa472f26742fedae6b2619a3242&token=1080337831&lang=zh_CN#rd', 0, 0, 0, 0, 0, 0);
INSERT INTO `t_article` VALUES (293, 1, '预防妇科术后感染的建议', NULL, 1539337756461, 'a0c154b6-c34f-4f4e-a3ef-66a3521893f4.jpg', '', 'https://mp.weixin.qq.com/s?__biz=MzI3ODQ4MzIwNg==&mid=2247486567&idx=1&sn=d44cb1b169afb8d37a62c30264dc7653&chksm=eb57140edc209d1803186c8c9310a381f9d64a533fd62d1bba006ec82e221e2df76b4a58f8bc&token=1080337831&lang=zh_CN#rd', 0, 0, 0, 0, 0, 0);
INSERT INTO `t_article` VALUES (294, 1, '复发性流产，关于遗传的那些事', NULL, 1539337856041, 'b3c3f499-adfa-462d-8bfc-0f82623b75ba.jpg', '', 'https://mp.weixin.qq.com/s?__biz=MzI3ODQ4MzIwNg==&mid=2247486577&idx=1&sn=ef7987639dd772951fc64f085849a0f9&chksm=eb571418dc209d0e06e566ab9c1f4deb434d5484c7701308dea471f82b9a7d9e0d2154f17304&token=1080337831&lang=zh_CN#rd', 0, 0, 0, 0, 0, 0);
INSERT INTO `t_article` VALUES (295, 1, '这么多种避孕措施，你了解吗？', NULL, 1539338217263, '60132cf2-bf48-4fdb-b30b-e17cd0deb038.jpg', '', 'https://mp.weixin.qq.com/s?__biz=MzI3ODQ4MzIwNg==&mid=2247486613&idx=1&sn=f5ed0f082842e4e251cc8dda3b6aef85&chksm=eb5714fcdc209deac50d42625ccf94ecf71d4cc32e59f77f18a16143ff51a75d0195a2413d5d&token=1080337831&lang=zh_CN#rd', 0, 0, 0, 0, 0, 0);
INSERT INTO `t_article` VALUES (296, 1, '复方口服避孕药，除了避孕还能做什么？', NULL, 1539338310009, '80b57462-8e03-406e-8840-c8bd5d1baaa3.jpg', '', 'https://mp.weixin.qq.com/s?__biz=MzI3ODQ4MzIwNg==&mid=2247486638&idx=1&sn=8a2b0b64a66d0b2b5d6751d219322834&chksm=eb5714c7dc209dd14fc60bacf6a178a3f3d78d7b3bf0e6860cd66093858a27d46b848224d122&token=1080337831&lang=zh_CN#rd', 0, 0, 0, 0, 0, 0);
INSERT INTO `t_article` VALUES (297, 1, '静脉栓塞的高危因素（妇产科）', NULL, 1539338401865, '8c3e4990-e938-484f-9fc0-02ee8a0d3f2a.jpg', '', 'https://mp.weixin.qq.com/s?__biz=MzI3ODQ4MzIwNg==&mid=2247486649&idx=1&sn=7163271103da497b9d2ba74c19bf8c98&chksm=eb5714d0dc209dc6ef05466f076c6eda96839049e052e74c4df306a893a0468e6c5dbeea5935&token=1080337831&lang=zh_CN#rd', 0, 0, 0, 0, 0, 0);
INSERT INTO `t_article` VALUES (298, 1, '更年期女性的难言之隐（绝经期泌尿生殖综合征）', NULL, 1539338420508, '74b01d13-f494-41fd-8558-1af120072600.jpg', '', 'https://mp.weixin.qq.com/s?__biz=MzI3ODQ4MzIwNg==&mid=2247486675&idx=1&sn=9f3218725e882a216a0575a758d6ee12&chksm=eb5714badc209dac1ad5202f95d0979ea8fbba379f7853fbc5c0ac699ab6aa8d8022918cad33&token=1080337831&lang=zh_CN#rd', 0, 0, 0, 0, 0, 0);
INSERT INTO `t_article` VALUES (299, 1, '孕期感冒了，什么药能吃什么药不能吃？', NULL, 1539338555651, 'a4d12402-ba42-4355-b560-8a21031253db.jpg', '', 'https://mp.weixin.qq.com/s?__biz=MzI3ODQ4MzIwNg==&mid=2247486680&idx=1&sn=f15b90ee06d8eafb3d35db327f520d57&chksm=eb5714b1dc209da7e509e43bd0dc8b47c52bc55431fbb77e33c21f6dc6ad76b11ce50ca53447&token=1080337831&lang=zh_CN#rd', 0, 0, 0, 0, 0, 0);
INSERT INTO `t_article` VALUES (300, 1, '孕期需要做的检查，必查和备查的都在这里了！', NULL, 1539338576903, '3d1d8f33-8275-4b83-8100-6accb1039089.jpg', '', 'https://mp.weixin.qq.com/s?__biz=MzI3ODQ4MzIwNg==&mid=2247486691&idx=1&sn=8ed0e595784bee80a41939cdef7343e2&chksm=eb57148adc209d9c670e21a78440711de66c89771c656609b95d4c6751b02b92d274b3bc323c&token=1080337831&lang=zh_CN#rd', 0, 0, 0, 0, 0, 0);
INSERT INTO `t_article` VALUES (301, 1, '为什么会来月经？', NULL, 1539338594275, 'f41fdab6-300d-4c1c-8b6b-37bb9c1e0345.jpg', '', 'https://mp.weixin.qq.com/s?__biz=MzI3ODQ4MzIwNg==&mid=2247486701&idx=1&sn=f08f9e016c4293d4b75bc4d92d16499c&chksm=eb571484dc209d92b2b38e5f31d078c994efca8e70a26b15484064f8a06442093d304c8d66ec&token=1080337831&lang=zh_CN#rd', 0, 0, 0, 0, 0, 0);
INSERT INTO `t_article` VALUES (302, 1, '阴道炎，看这一篇就够了！', NULL, 1539338612486, 'a80407b3-5d6f-4bd3-a165-6a5d7dd75dd7.jpg', '', 'https://mp.weixin.qq.com/s?__biz=MzI3ODQ4MzIwNg==&mid=2247486711&idx=1&sn=07008ed1c229fd4ddb1dbb83d5af8d01&chksm=eb57149edc209d880204a4993652196b8fbb19650051cb169473d31fb43a99743dd673976af5&token=1080337831&lang=zh_CN#rd', 0, 0, 0, 0, 0, 0);
INSERT INTO `t_article` VALUES (303, 1, '孕吐有哪些影响？', NULL, 1539338633662, 'a315a9b7-2006-4950-b800-750a6df9dc19.jpg', '', 'https://mp.weixin.qq.com/s?__biz=MzI3ODQ4MzIwNg==&mid=2247486721&idx=1&sn=c4b4101e7276bd922181993118c69897&chksm=eb571568dc209c7e671e5501586cfe70fec8ac33ecbaee57ecd3b973c8166b38110760c29226&token=1080337831&lang=zh_CN#rd', 0, 0, 0, 0, 0, 0);
INSERT INTO `t_article` VALUES (304, 1, '多囊卵巢综合征患者如何促进生育？', NULL, 1539338649165, '69841f07-6339-4ac3-853b-fa1374cd7a51.jpg', '', 'https://mp.weixin.qq.com/s?__biz=MzI3ODQ4MzIwNg==&mid=2247486731&idx=1&sn=79190670bcdccea3fe1700c8a92e0e8a&chksm=eb571562dc209c74cef3d6f12bf3eeffa787b16806b74626c14ba680f597942f24cbab212f8f&token=1080337831&lang=zh_CN#rd', 0, 0, 0, 0, 0, 0);
INSERT INTO `t_article` VALUES (305, 1, '母乳喂养的真相', NULL, 1539338775124, '533cbfc9-f643-4cb4-ad03-321436989c5a.jpg', '', 'https://mp.weixin.qq.com/s?__biz=MzI3ODQ4MzIwNg==&mid=2247486741&idx=1&sn=8ffd9f15d0a142b0da69198b0cca543f&chksm=eb57157cdc209c6ac183ec8f729dfa075230dafd4cd3688522b82287f0c13983c50d4f89e0df&token=1080337831&lang=zh_CN#rd', 0, 0, 0, 0, 0, 0);
INSERT INTO `t_article` VALUES (306, 1, '不同术后的瘢痕子宫， 应该多久再孕？', NULL, 1539338795455, 'a971ee57-14bf-479f-b833-5930fb42850a.jpg', '', 'https://mp.weixin.qq.com/s?__biz=MzI3ODQ4MzIwNg==&mid=2247486753&idx=1&sn=2cc476f8bec01f71a6c0f61e9ac0065b&chksm=eb571548dc209c5e57b41f35dd67616872459462d7f738e9728d424f39e4bf5ba794daa4340a&token=1080337831&lang=zh_CN#rd', 0, 0, 0, 0, 0, 0);
INSERT INTO `t_article` VALUES (307, 1, '妇科恶性肿瘤发病率Top1', NULL, 1539338809061, 'afdadeb4-528a-4b28-94b2-f8afffacd93b.jpg', '', 'https://mp.weixin.qq.com/s?__biz=MzI3ODQ4MzIwNg==&mid=2247486763&idx=1&sn=bee74f2b43c8d9517266e187fe9e1fbc&chksm=eb571542dc209c547e152f919f45c16397d542e36446fb7a61241484f79d4373de0af57951f7&token=1080337831&lang=zh_CN#rd', 0, 0, 0, 0, 0, 0);
INSERT INTO `t_article` VALUES (308, 2, '辅食添加有这么多要求， 你都知道吗？', NULL, 1539338828260, '1feade1f-9976-4274-a0e0-9e64cce07d96.jpg', '', 'https://mp.weixin.qq.com/s?__biz=MzI3ODQ4MzIwNg==&mid=2247486773&idx=1&sn=12063727664a6684797082f49c6e9d12&chksm=eb57155cdc209c4a49dd075c70d9b137abc1c66b981ebfbbbaa69f34da64f92006e50dc5bfcc&token=1080337831&lang=zh_CN#rd', 0, 0, 0, 0, 0, 0);
INSERT INTO `t_article` VALUES (309, 1, '为什么总是流产', NULL, 1539338856903, '2ae31d9e-ff34-4bc6-a5d9-ada7e4383a70.jpg', '', 'https://mp.weixin.qq.com/s?__biz=MzI3ODQ4MzIwNg==&mid=2247486780&idx=1&sn=93095a68cf56fd78abdc10a1b96c9a3f&chksm=eb571555dc209c43ce5b4e85998b5a0a8a9372c723a9ec95a16aaa2da02ebbe9b1638ad5a75b&token=1080337831&lang=zh_CN#rd', 0, 0, 0, 0, 0, 0);
INSERT INTO `t_article` VALUES (310, 1, '更年期了，怎么还总出血？', NULL, 1539338873078, '624cefeb-5e34-4a90-b712-cf5d95d40855.jpg', '', 'https://mp.weixin.qq.com/s?__biz=MzI3ODQ4MzIwNg==&mid=2247486800&idx=1&sn=ecad82b17a10883af4f24faa158f4bf0&chksm=eb571539dc209c2fce4951ac0ce65af659161cdef0f1714e11aba9f2b7c4ac7ce907324500cb&token=1080337831&lang=zh_CN#rd', 0, 0, 0, 0, 0, 0);
INSERT INTO `t_article` VALUES (311, 1, '内异症与不孕症的恩恩怨怨', NULL, 1539338899013, '86249bde-4904-40b6-a3ef-37ee0fdfa940.jpg', '', 'https://mp.weixin.qq.com/s?__biz=MzI3ODQ4MzIwNg==&mid=2247486812&idx=1&sn=57513d24323eb525b220de1aa7af85ff&chksm=eb571535dc209c232e18b3a117fc4ce57b7f20c411a0e99e4daf9a608ffc43bf84a3fd299e95&token=1080337831&lang=zh_CN#rd', 0, 0, 0, 0, 0, 0);
INSERT INTO `t_article` VALUES (312, 1, '绝经期激素补充一图全掌握', NULL, 1539338909508, 'ef57910a-4190-43b1-be98-0108f491781b.jpg', '', 'https://mp.weixin.qq.com/s?__biz=MzI3ODQ4MzIwNg==&mid=2247486822&idx=1&sn=2f848b0fb7d32462b7ca7fc79aa3c801&chksm=eb57150fdc209c19f8c10cb33f448b6d7a079ac71d396d6a2529083c996f8266c297c84009ee&token=1080337831&lang=zh_CN#rd', 0, 0, 0, 0, 0, 0);
INSERT INTO `t_article` VALUES (313, 1, '促排卵，谁可以用？', NULL, 1539338926468, 'df932239-de06-4d19-a75e-0394dddc0246.jpg', '', 'https://mp.weixin.qq.com/s?__biz=MzI3ODQ4MzIwNg==&mid=2247486832&idx=1&sn=1de356b5e1c1db779d6adc5d375fea41&chksm=eb571519dc209c0f72567c08fa23639c6c69bd8325b5bde4568c6757ebe9bb987472bd761848&token=1080337831&lang=zh_CN#rd', 0, 0, 0, 0, 0, 0);
INSERT INTO `t_article` VALUES (314, 1, '一起来做乳房保健操吧！', NULL, 1539338957022, '0a9a5a80-c937-4841-9ba1-9e84d2bb5ae8.jpg', '', 'https://mp.weixin.qq.com/s?__biz=MzI3ODQ4MzIwNg==&mid=2247486843&idx=1&sn=ad6034065410c3af0f27dc232e95051a&chksm=eb571512dc209c047217ce786d166fbcb11d068d42712abad397b02e3640050692a44836d29b&token=1080337831&lang=zh_CN#rd', 0, 0, 0, 0, 0, 0);
INSERT INTO `t_article` VALUES (315, 1, '谈谈剖宫产瘢痕妊娠的期待治疗', NULL, 1539338971791, 'd1d87a94-88ef-460f-adf2-82eb3d144f66.jpg', '', 'https://mp.weixin.qq.com/s?__biz=MzI3ODQ4MzIwNg==&mid=2247486853&idx=1&sn=baba3a9d04c169b0185f5d277cf52ba4&chksm=eb5715ecdc209cfad3db4e26ed99ee06ba9afa8709f40739ae6af68ec4fe9443c8873b428a6d&token=1080337831&lang=zh_CN#rd', 0, 0, 0, 0, 0, 0);
INSERT INTO `t_article` VALUES (316, 1, '如何筛查乳腺癌？你属于乳腺癌的高危人群吗？', NULL, 1539339081081, 'edf59ff7-90ce-4cd6-a662-49af7000a3d5.jpg', '', 'https://mp.weixin.qq.com/s?__biz=MzI3ODQ4MzIwNg==&mid=2247486864&idx=1&sn=eafcef4eb712706aa7dad2ce144f2f8d&chksm=eb5715f9dc209cef3caad4aab6c545577940543f100eda37582dbae23488db264921fe18ec1a&token=1080337831&lang=zh_CN#rd', 0, 0, 0, 0, 0, 0);
INSERT INTO `t_article` VALUES (317, 1, '孕期便秘，你有没有?', NULL, 1539339092322, 'c62d9086-7807-4831-a570-c34412bc958c.jpg', '', 'https://mp.weixin.qq.com/s?__biz=MzI3ODQ4MzIwNg==&mid=2247486869&idx=1&sn=47a6ebb38b9117ca055844866c792d76&chksm=eb5715fcdc209cea5670aa7552c688f4e9d61160644f45d631956f003917b5b00eff6546a606&token=1080337831&lang=zh_CN#rd', 0, 0, 0, 0, 0, 0);
INSERT INTO `t_article` VALUES (318, 1, '确诊子宫肌瘤的“三大法宝”', NULL, 1539339111029, '5f084a33-ded5-4822-a600-b7caf2d8f8b4.jpg', '', 'https://mp.weixin.qq.com/s?__biz=MzI3ODQ4MzIwNg==&mid=2247486880&idx=1&sn=c1cd7abaa8175f35871230fb076b377d&chksm=eb5715c9dc209cdf9c2080abfa438f639531fcaf9d89388532b1f6d034f10cdb1c5af120eaad&token=1080337831&lang=zh_CN#rd', 0, 0, 0, 0, 0, 0);
INSERT INTO `t_article` VALUES (319, 1, '在家练习几个动作，锻炼盆底肌', NULL, 1539339137659, '26c11940-c7e4-4981-86ba-df0bb8832490.jpg', '', 'https://mp.weixin.qq.com/s?__biz=MzI3ODQ4MzIwNg==&mid=2247486890&idx=1&sn=9ccfaa4e998d7a0906930dc81facc06e&chksm=eb5715c3dc209cd53dd339a180c5486352cebc4189ad61c0765705a31a4bdcbd15960fd5ca2d&token=1080337831&lang=zh_CN#rd', 0, 0, 0, 0, 0, 0);
INSERT INTO `t_article` VALUES (320, 1, '乙肝女性，备孕口袋书', NULL, 1539339155485, '142095fe-af85-40c9-afd4-34e9bca5db73.jpg', '', 'https://mp.weixin.qq.com/s?__biz=MzI3ODQ4MzIwNg==&mid=2247486900&idx=1&sn=968252c532e768bcb55ff8680fb38fd7&chksm=eb5715dddc209ccba9bb8d2ac75586395d139350d9f26bd49f6154af6b906e9aa0937ab22934&token=1080337831&lang=zh_CN#rd', 0, 0, 0, 0, 0, 0);
INSERT INTO `t_article` VALUES (321, 1, '最新子宫内膜癌治疗方案', NULL, 1539339168822, 'd2ba3969-f04a-48c9-aae6-2fbdcb0e746a.jpg', '', 'https://mp.weixin.qq.com/s?__biz=MzI3ODQ4MzIwNg==&mid=2247486911&idx=1&sn=7515f9337f4e9c5d94cabaecb7607c9a&chksm=eb5715d6dc209cc0bf7b58d4c1c8eabec9277cb76a62f6050cd4db4662d36893582e61009637&token=1080337831&lang=zh_CN#rd', 0, 0, 0, 0, 0, 0);
INSERT INTO `t_article` VALUES (322, 1, '不孕症, 哪些可以做腔镜手术', NULL, 1539339186362, 'dd250a20-262a-42df-a277-5fa705fe957a.jpg', '', 'https://mp.weixin.qq.com/s?__biz=MzI3ODQ4MzIwNg==&mid=2247486921&idx=1&sn=688d64a155dec6c074a5b548b3883685&chksm=eb5715a0dc209cb66e8c54963154879af62cb624f0f3b9813e963bd2030dd4965ea84729b6ec&token=1080337831&lang=zh_CN#rd', 0, 0, 0, 0, 0, 0);
INSERT INTO `t_article` VALUES (323, 1, '子宫肌瘤易发人群', NULL, 1539339205736, '8dea0b70-f3f9-483f-b324-13e6ca078bac.jpg', '', 'https://mp.weixin.qq.com/s?__biz=MzI3ODQ4MzIwNg==&mid=2247486930&idx=1&sn=8094caa4803320ec16dfe418a45fde5f&chksm=eb5715bbdc209cad1c13a178ee2c3bed6fdc16cb8498b90e51a1004859bcd857c1131efb9810&token=1080337831&lang=zh_CN#rd', 0, 0, 0, 0, 0, 0);
INSERT INTO `t_article` VALUES (324, 1, '快告诉女性朋友们，怀孕了就这么吃', NULL, 1539339232997, 'ac5d5a9e-e2a4-4570-b6b6-d5152f6e275a.jpg', '', 'https://mp.weixin.qq.com/s?__biz=MzI3ODQ4MzIwNg==&mid=2247486940&idx=1&sn=680edc939aeb30577d50bd81aac1e72b&chksm=eb5715b5dc209ca32086d2bddd82f894cc47049fc52ca8c47b62335bf5ae04ce84daef17ee14&token=1080337831&lang=zh_CN#rd', 0, 0, 0, 0, 0, 0);
INSERT INTO `t_article` VALUES (325, 1, '多囊卵巢综合征是这样的', NULL, 1539339263900, 'b89cde5e-f471-446b-b9cc-2171fb57044e.jpg', '', 'https://mp.weixin.qq.com/s?__biz=MzI3ODQ4MzIwNg==&mid=2247486950&idx=1&sn=4de97528d893eba45d2e3d6001b532bb&chksm=eb57158fdc209c99fa32efe22e6ebe7c81be896f917ab94216d72db6495f238f90d02951f6fe&token=1080337831&lang=zh_CN#rd', 0, 0, 0, 0, 0, 0);
INSERT INTO `t_article` VALUES (326, 1, '顺产还是剖腹产？它们说的算！', NULL, 1539339280046, 'e62d2b5c-73cf-43d4-8db5-81734a44348c.jpg', '', 'https://mp.weixin.qq.com/s?__biz=MzI3ODQ4MzIwNg==&mid=2247486960&idx=1&sn=50f6db2baac6731254d3798757ee85d1&chksm=eb571599dc209c8f6c6d68cfb69a36d66867a30a3e6e1b722af3543484f873dee1d30e41c9a3&token=1080337831&lang=zh_CN#rd', 0, 0, 0, 0, 0, 0);
INSERT INTO `t_article` VALUES (327, 1, '一套产褥期保健操送给生完孩子的你！科学瘦身', NULL, 1539339299021, 'aae1a5c6-f71b-4b5c-9025-394cbcd8d0ac.jpg', '', 'https://mp.weixin.qq.com/s?__biz=MzI3ODQ4MzIwNg==&mid=2247486971&idx=1&sn=2371bc7c7f9d3659ca4521da184fbe9f&chksm=eb571592dc209c8471c6123471277c8c9c2ab48153e7f66b694acbd591512cc0b2152d09b775&token=1080337831&lang=zh_CN#rd', 0, 0, 0, 0, 0, 0);
INSERT INTO `t_article` VALUES (328, 1, '人工流产后选择哪种避孕方式？', NULL, 1539339399529, '42d0fe63-fc96-413e-a2d5-20f5c29cd325.jpg', '', 'https://mp.weixin.qq.com/s?__biz=MzI3ODQ4MzIwNg==&mid=2247486981&idx=1&sn=4383f69d46d91421466493f64aaf598f&chksm=eb57166cdc209f7a6debc913f570fb161de2c60b2ae497586368a670562706acc06c969fdaa5&token=1080337831&lang=zh_CN#rd', 0, 0, 0, 0, 0, 0);
INSERT INTO `t_article` VALUES (329, 1, '备孕，吃也很重要！（三个重中之重）', NULL, 1539339429810, '36008068-8451-4533-9244-de2b2e937eb4.jpg', '', 'https://mp.weixin.qq.com/s?__biz=MzI3ODQ4MzIwNg==&mid=2247487000&idx=1&sn=2203048428a983bdbcc4150083bf45a4&chksm=eb571671dc209f67973d87153f69c6ad2a684be88afa5b37537ced63d0ada6799264ef0b9f70&token=1080337831&lang=zh_CN#rd', 0, 0, 0, 0, 0, 0);
INSERT INTO `t_article` VALUES (330, 1, '手把手教你多囊卵巢综合征诱导排卵方案大', NULL, 1539339439840, '7c4808ac-4f66-4d4b-89ed-cc82bf0de2af.jpg', '', 'https://mp.weixin.qq.com/s?__biz=MzI3ODQ4MzIwNg==&mid=2247487010&idx=1&sn=a6c442815fca59e8e906c9f349952e6e&chksm=eb57164bdc209f5deb4bb54e1c02712cc4850f2fc54b11c048f4d437dd770e9016786d935ef4&token=1080337831&lang=zh_CN#rd', 0, 0, 0, 0, 0, 0);
INSERT INTO `t_article` VALUES (331, 1, '高龄女性不孕，多种促排卵方案（该出手就出手）', NULL, 1539339476357, '2602d2db-e791-4b69-96d7-9e41a733c0b5.jpg', '', 'https://mp.weixin.qq.com/s?__biz=MzI3ODQ4MzIwNg==&mid=2247487040&idx=1&sn=ba27cd65f43aa144488733e25d12fd0c&chksm=eb571629dc209f3f607df3fc0c2bf9664ebaa8365011bf418085d074efd93ea6e771e89a2ec1&token=1080337831&lang=zh_CN#rd', 0, 0, 0, 0, 0, 0);
INSERT INTO `t_article` VALUES (332, 1, '三招帮你预防宫颈癌', NULL, 1539339493812, '1c2f0548-c350-46d0-a440-c39ca11c619e.jpg', '', 'https://mp.weixin.qq.com/s?__biz=MzI3ODQ4MzIwNg==&mid=2247487047&idx=1&sn=1ca67f5f37f590a926166be659df8d81&chksm=eb57162edc209f38f5259e7b1bfb61754941e5b5809ba0ab04d6fa1fce81e042284e1dd3c8b1&token=1080337831&lang=zh_CN#rd', 0, 0, 0, 0, 0, 0);
INSERT INTO `t_article` VALUES (333, 1, '更年期一定要注意这三点', NULL, 1539339509794, '99500499-6bcc-4aee-8ad1-9dd367ded6cb.jpg', '', 'https://mp.weixin.qq.com/s?__biz=MzI3ODQ4MzIwNg==&mid=2247487059&idx=1&sn=3c1f133691b8a10a3293049af36cf5c5&chksm=eb57163adc209f2cfa4342e2c342554fe4fd6c3e5db88764a3f9eec0c88a4d4aad864eda30ed&token=1080337831&lang=zh_CN#rd', 0, 0, 0, 0, 0, 0);
INSERT INTO `t_article` VALUES (334, 1, '双胞胎，喜悦与风险并存（子痫前期）', NULL, 1539339528154, '3e447440-fc6d-450b-b315-b28ebeefda0a.jpg', '', 'https://mp.weixin.qq.com/s?__biz=MzI3ODQ4MzIwNg==&mid=2247487071&idx=1&sn=e42c1ce07676f55d65a29e1d7fc26a4c&chksm=eb571636dc209f20d3be8a7bc8a7179c1b33c3e8dc5a965a4e098205cda13120d81d38892820&token=1080337831&lang=zh_CN#rd', 0, 0, 0, 0, 0, 0);

-- ----------------------------
-- Table structure for t_code
-- ----------------------------
DROP TABLE IF EXISTS `t_code`;
CREATE TABLE `t_code`  (
  `t_phone` varchar(11) CHARACTER SET utf8 COLLATE utf8_general_ci NOT NULL,
  `t_code` varchar(4) CHARACTER SET utf8 COLLATE utf8_general_ci NULL DEFAULT NULL,
  `t_time` bigint(20) NULL DEFAULT NULL,
  PRIMARY KEY (`t_phone`) USING BTREE
) ENGINE = InnoDB CHARACTER SET = utf8 COLLATE = utf8_general_ci ROW_FORMAT = Dynamic;

-- ----------------------------
-- Table structure for t_question
-- ----------------------------
DROP TABLE IF EXISTS `t_question`;
CREATE TABLE `t_question`  (
  `t_id` int(11) NOT NULL AUTO_INCREMENT,
  `t_title` varchar(255) CHARACTER SET utf8 COLLATE utf8_general_ci NULL DEFAULT NULL,
  `t_user_id` int(11) NULL DEFAULT NULL,
  `t_time` bigint(20) NULL DEFAULT NULL,
  `t_scan` int(11) NULL DEFAULT NULL,
  `t_sort` int(11) NULL DEFAULT NULL,
  `t_top` int(11) NULL DEFAULT NULL,
  `t_solved` tinyint(1) NULL DEFAULT NULL,
  `t_scan_origin` int(11) NULL DEFAULT NULL,
  PRIMARY KEY (`t_id`) USING BTREE
) ENGINE = InnoDB AUTO_INCREMENT = 332 CHARACTER SET = utf8 COLLATE = utf8_general_ci ROW_FORMAT = Dynamic;

-- ----------------------------
-- Records of t_question
-- ----------------------------
INSERT INTO `t_question` VALUES (331, '孕检查出子宫肌瘤，能在生孩子的时候直接拿掉肌瘤吗？', 18, 1539507115191, 11, 0, 0, 1, 11);
INSERT INTO `t_question` VALUES (334, 'HPV疫苗的有效期是多久？', 18, 1539569237019, 0, 0, 0, 1, 0);
INSERT INTO `t_question` VALUES (335, '隆胸了，母乳喂养安全吗？', 18, 1539569250496, 0, 0, 0, 1, 0);
INSERT INTO `t_question` VALUES (336, '经期可以接种宫颈癌疫苗吗？', 18, 1539569282894, 3, 0, 0, 1, 3);
INSERT INTO `t_question` VALUES (337, '超龄还能不能接种HPV疫苗？', 18, 1539572345566, 0, 0, 0, 1, 0);
INSERT INTO `t_question` VALUES (338, '我最近熬夜很严重，这次月经时间推迟了一个星期了，从现在开始注意生活习惯那下次经期还会按时吗？', 18, 1539572607832, 3, 0, 0, 1, 3);
INSERT INTO `t_question` VALUES (339, '我试管进周期了，老公突然安排要出差，时间可能会错开，能否冻精？', 18, 1539572632144, 1, 0, 0, 1, 1);
INSERT INTO `t_question` VALUES (340, '我有子宫肌瘤，怀孕了，肚子痛怎么办？', 18, 1539572717347, 0, 0, 0, 1, 0);
INSERT INTO `t_question` VALUES (341, '我月经时脾气特大，正常吗？该怎么办？', 22, 1539573789340, 0, 0, 0, 1, 0);
INSERT INTO `t_question` VALUES (342, '有阴道炎能够顺产吗？', 22, 1539573800957, 0, 0, 0, 1, 0);
INSERT INTO `t_question` VALUES (343, '我有子宫肌瘤，怀孕了，需要保胎吗？', 22, 1539573928394, 1, 0, 0, 1, 1);
INSERT INTO `t_question` VALUES (344, '子宫内膜癌腹腔镜能切干净吗？', 18, 1539574322949, 0, 0, 0, 1, 0);
INSERT INTO `t_question` VALUES (345, '请问做试管婴儿，从开始到移植男方大概需要去几次？', 18, 1539574349582, 0, 0, 0, 1, 0);
INSERT INTO `t_question` VALUES (346, '孕中晚期出血，需要做什么检查？', 18, 1539577171816, 0, 0, 0, 1, 0);
INSERT INTO `t_question` VALUES (347, '问个羞羞的问题，取卵后多久能和老公同房，当月不能移植鲜胚，俩个月后冻胚移植，还有姐妹告诉冻胚移植前一个月也不能同房？', 18, 1539577279238, 0, 0, 0, 1, 0);

-- ----------------------------
-- Table structure for t_question_tag
-- ----------------------------
DROP TABLE IF EXISTS `t_question_tag`;
CREATE TABLE `t_question_tag`  (
  `t_question_id` int(11) NOT NULL,
  `t_tag_id` int(11) NOT NULL,
  PRIMARY KEY (`t_question_id`, `t_tag_id`) USING BTREE
) ENGINE = InnoDB CHARACTER SET = utf8 COLLATE = utf8_general_ci ROW_FORMAT = Dynamic;

-- ----------------------------
-- Records of t_question_tag
-- ----------------------------
INSERT INTO `t_question_tag` VALUES (326, 8);
INSERT INTO `t_question_tag` VALUES (327, 8);
INSERT INTO `t_question_tag` VALUES (328, 8);
INSERT INTO `t_question_tag` VALUES (329, 8);
INSERT INTO `t_question_tag` VALUES (330, 8);
INSERT INTO `t_question_tag` VALUES (331, 8);
INSERT INTO `t_question_tag` VALUES (334, 12);
INSERT INTO `t_question_tag` VALUES (335, 18);
INSERT INTO `t_question_tag` VALUES (336, 11);
INSERT INTO `t_question_tag` VALUES (337, 12);
INSERT INTO `t_question_tag` VALUES (338, 13);
INSERT INTO `t_question_tag` VALUES (340, 8);
INSERT INTO `t_question_tag` VALUES (340, 17);
INSERT INTO `t_question_tag` VALUES (341, 13);
INSERT INTO `t_question_tag` VALUES (342, 9);
INSERT INTO `t_question_tag` VALUES (342, 16);
INSERT INTO `t_question_tag` VALUES (343, 8);
INSERT INTO `t_question_tag` VALUES (343, 17);
INSERT INTO `t_question_tag` VALUES (344, 10);
INSERT INTO `t_question_tag` VALUES (345, 14);
INSERT INTO `t_question_tag` VALUES (346, 21);

-- ----------------------------
-- Table structure for t_scan
-- ----------------------------
DROP TABLE IF EXISTS `t_scan`;
CREATE TABLE `t_scan`  (
  `t_time` bigint(20) NOT NULL,
  `t_scan` int(11) NULL DEFAULT NULL,
  PRIMARY KEY (`t_time`) USING BTREE
) ENGINE = InnoDB CHARACTER SET = utf8mb4 COLLATE = utf8mb4_0900_ai_ci ROW_FORMAT = Dynamic;

-- ----------------------------
-- Records of t_scan
-- ----------------------------
INSERT INTO `t_scan` VALUES (1538841600000, 1);
INSERT INTO `t_scan` VALUES (1539014400000, 3);
INSERT INTO `t_scan` VALUES (1539100800000, 11);
INSERT INTO `t_scan` VALUES (1539187200000, 19);
INSERT INTO `t_scan` VALUES (1539446400000, 1);
INSERT INTO `t_scan` VALUES (1539532800000, 14);

-- ----------------------------
-- Table structure for t_setting
-- ----------------------------
DROP TABLE IF EXISTS `t_setting`;
CREATE TABLE `t_setting`  (
  `t_key` varchar(100) CHARACTER SET utf8 COLLATE utf8_general_ci NOT NULL,
  `t_value` varchar(255) CHARACTER SET utf8 COLLATE utf8_general_ci NULL DEFAULT NULL,
  PRIMARY KEY (`t_key`) USING BTREE
) ENGINE = InnoDB CHARACTER SET = utf8 COLLATE = utf8_general_ci ROW_FORMAT = Dynamic;

-- ----------------------------
-- Records of t_setting
-- ----------------------------
INSERT INTO `t_setting` VALUES ('password', '1');

-- ----------------------------
-- Table structure for t_tag
-- ----------------------------
DROP TABLE IF EXISTS `t_tag`;
CREATE TABLE `t_tag`  (
  `t_id` int(11) NOT NULL AUTO_INCREMENT,
  `t_tag_name` varchar(255) CHARACTER SET utf8 COLLATE utf8_general_ci NULL DEFAULT NULL,
  PRIMARY KEY (`t_id`) USING BTREE
) ENGINE = InnoDB AUTO_INCREMENT = 9 CHARACTER SET = utf8 COLLATE = utf8_general_ci ROW_FORMAT = Dynamic;

-- ----------------------------
-- Records of t_tag
-- ----------------------------
INSERT INTO `t_tag` VALUES (8, '子宫肌瘤');
INSERT INTO `t_tag` VALUES (9, '顺产');
INSERT INTO `t_tag` VALUES (10, '子宫内膜');
INSERT INTO `t_tag` VALUES (11, '宫颈癌');
INSERT INTO `t_tag` VALUES (12, 'HPV');
INSERT INTO `t_tag` VALUES (13, '月经');
INSERT INTO `t_tag` VALUES (14, '试管婴儿');
INSERT INTO `t_tag` VALUES (15, '宫腔镜');
INSERT INTO `t_tag` VALUES (16, '阴道炎');
INSERT INTO `t_tag` VALUES (17, '怀孕');
INSERT INTO `t_tag` VALUES (18, '母乳');
INSERT INTO `t_tag` VALUES (19, '多囊');
INSERT INTO `t_tag` VALUES (20, '不孕');
INSERT INTO `t_tag` VALUES (21, '出血');
INSERT INTO `t_tag` VALUES (23, '卵巢癌');
INSERT INTO `t_tag` VALUES (24, '激素');

-- ----------------------------
-- Table structure for t_type
-- ----------------------------
DROP TABLE IF EXISTS `t_type`;
CREATE TABLE `t_type`  (
  `t_id` int(11) NOT NULL AUTO_INCREMENT,
  `t_type_name` varchar(255) CHARACTER SET utf8 COLLATE utf8_general_ci NULL DEFAULT NULL,
  PRIMARY KEY (`t_id`) USING BTREE
) ENGINE = InnoDB AUTO_INCREMENT = 20 CHARACTER SET = utf8 COLLATE = utf8_general_ci ROW_FORMAT = Dynamic;

-- ----------------------------
-- Records of t_type
-- ----------------------------
INSERT INTO `t_type` VALUES (1, '妇产科');
INSERT INTO `t_type` VALUES (2, '儿科');

-- ----------------------------
-- Table structure for t_user
-- ----------------------------
DROP TABLE IF EXISTS `t_user`;
CREATE TABLE `t_user`  (
  `t_id` int(11) NOT NULL AUTO_INCREMENT,
  `w_openid` varchar(255) CHARACTER SET utf8 COLLATE utf8_general_ci NULL DEFAULT NULL,
  `w_nickname` varchar(255) CHARACTER SET utf8mb4 COLLATE utf8mb4_0900_ai_ci NULL DEFAULT NULL,
  `w_sex` varchar(255) CHARACTER SET utf8 COLLATE utf8_general_ci NULL DEFAULT NULL,
  `w_province` varchar(255) CHARACTER SET utf8 COLLATE utf8_general_ci NULL DEFAULT NULL,
  `w_city` varchar(255) CHARACTER SET utf8 COLLATE utf8_general_ci NULL DEFAULT NULL,
  `w_country` varchar(255) CHARACTER SET utf8 COLLATE utf8_general_ci NULL DEFAULT NULL,
  `w_headimgurl` varchar(2550) CHARACTER SET utf8 COLLATE utf8_general_ci NULL DEFAULT NULL,
  `t_name` varchar(255) CHARACTER SET utf8 COLLATE utf8_general_ci NULL DEFAULT NULL,
  `t_phone` varchar(255) CHARACTER SET utf8 COLLATE utf8_general_ci NULL DEFAULT NULL,
  `t_email` varchar(255) CHARACTER SET utf8 COLLATE utf8_general_ci NULL DEFAULT NULL,
  `t_time` bigint(20) NULL DEFAULT NULL,
  PRIMARY KEY (`t_id`) USING BTREE
) ENGINE = InnoDB AUTO_INCREMENT = 22 CHARACTER SET = utf8 COLLATE = utf8_general_ci ROW_FORMAT = Dynamic;

-- ----------------------------
-- Records of t_user
-- ----------------------------
INSERT INTO `t_user` VALUES (14, 'o9QXJ1UTi0Al6xMlKOY5qvIXPKwY', 'cyf🏧', '1', '黑龙江', '哈尔滨', '中国', 'http://thirdwx.qlogo.cn/mmopen/vi_32/Q0j4TwGTfTK3sk1klAITIYXdhiaFJHQBjdia4fYszQOs6GIrv1HW65ZERpNQfKLeicnjK0n0JsZnKTq36TEU9PvLw/132', NULL, NULL, NULL, 1539060118226);
INSERT INTO `t_user` VALUES (18, 'o9QXJ1SG_iEU8sSKmYRvM7vhJ9WQ', '张墨、🦄', '2', '黑龙江', '哈尔滨', '中国', 'http://thirdwx.qlogo.cn/mmopen/vi_32/DYAIOgq83eqE7ZKNsGGJmA5u5q6KsXsLjoC8EdCU1XDtBKWyASfHaK04tSlwNw4t1VXKcibzN4IGhJEjRDq0JOA/132', NULL, NULL, NULL, 1539244154660);
INSERT INTO `t_user` VALUES (19, NULL, NULL, NULL, NULL, NULL, NULL, NULL, NULL, NULL, NULL, 1539304392418);
INSERT INTO `t_user` VALUES (20, NULL, NULL, NULL, NULL, NULL, NULL, NULL, NULL, NULL, NULL, 1539452502332);
INSERT INTO `t_user` VALUES (21, NULL, NULL, NULL, NULL, NULL, NULL, NULL, NULL, NULL, NULL, 1539526416332);
INSERT INTO `t_user` VALUES (22, 'o9QXJ1Vhf74g8ItSeWFcdXGGEaNw', '孔璞🕶', '1', '黑龙江', '哈尔滨', '中国', 'http://thirdwx.qlogo.cn/mmopen/vi_32/DYAIOgq83epXfldxN50Vnib66wic5lGia1WzEpDFyG4717JL6iakVicUuAGpLspyxb9mrWa2Z6DwY9kGbwN25XXGpEA/132', NULL, NULL, NULL, 1539573685863);
INSERT INTO `t_user` VALUES (23, 'o9QXJ1U0OF7OKhO4i2WZM5BM2C84', '十二盛夏', '2', '西藏', '昌都', '中国', 'http://thirdwx.qlogo.cn/mmopen/vi_32/Q0j4TwGTfTLG8YBANRYqjMK3ib0jqZ4ZwSgaqRJIARibhMoMoXARicnspkkeGmpd26ujD6LksUgOgsQb3hByaIicKQ/132', NULL, NULL, NULL, 1539580083457);

SET FOREIGN_KEY_CHECKS = 1;
